age,sex,moca_score,btact_cog_z,reaction_time_s,switch_reaction_time_s,switch_cost_s,backward_errors,serial7_score,verbal_fluency,orientation_score,average_sleep_hours,days_since_last_leave,consecutive_field_days,night_duty_shifts,resting_heart_rate,hrv_ms,mood_score,family_worry_score,family_emergency,reported_symptoms_count,stress_percentage,wellbeing_percentage,treatment_priority
56,2,20.0,0.352,1.209,0.948,-0.261,0,3,12,6,6.6,82,2,3,77.0,61.8,3.6,2.4,0,1,27.1,72.9,Low Priority
81,2,14.0,-0.707,1.528,2.052,0.524,2,2,15,6,6.1,52,33,6,73.1,58.5,2.9,3.6,0,0,34.3,65.7,Low Priority
71,1,18.0,0.201,1.574,1.941,0.367,0,3,11,6,6.7,65,5,12,60.5,59.3,4.2,3.4,0,0,23.1,76.9,Low Priority
66,2,16.0,-1.08,1.307,1.613,0.307,0,1,8,5,6.4,28,10,5,65.9,58.8,3.2,3.9,0,0,22.3,77.7,Low Priority
45,2,15.0,-0.063,1.485,1.95,0.464,0,3,11,4,7.0,155,103,12,76.1,50.8,2.7,5.0,0,1,58.7,41.3,High Priority
45,1,21.0,0.533,1.078,1.073,-0.005,11,2,14,6,6.7,82,30,9,65.2,52.6,3.5,5.6,0,1,41.0,59.0,Medium Priority
41,1,13.0,-0.58,1.645,2.595,0.95,1,3,21,6,6.5,116,63,7,68.1,43.1,3.0,3.9,0,2,56.6,43.4,High Priority
76,1,18.0,-0.846,1.823,2.196,0.373,0,2,5,5,7.1,41,2,4,62.5,64.3,4.0,4.2,0,0,16.1,83.9,Low Priority
66,2,16.0,-0.268,1.447,1.808,0.361,0,3,13,5,6.2,88,24,8,67.4,59.7,3.8,3.5,0,0,34.0,66.0,Low Priority
70,2,21.0,0.991,0.846,0.973,0.128,12,3,10,6,6.8,89,50,7,64.7,63.8,4.0,4.9,0,3,44.3,55.7,Medium Priority
38,2,19.0,0.06,1.198,1.607,0.409,2,2,13,4,6.2,78,6,10,69.5,53.7,3.4,2.8,0,0,38.5,61.5,Low Priority
82,2,16.0,-0.924,1.469,2.264,0.796,0,3,3,6,5.9,6,17,7,73.4,52.3,3.4,2.6,0,1,32.4,67.6,Low Priority
75,1,19.0,-0.002,1.23,1.926,0.696,0,2,10,6,6.9,41,3,8,73.4,65.2,4.4,4.9,0,0,24.6,75.4,Low Priority
48,1,20.0,0.115,1.621,2.266,0.645,0,3,17,4,7.2,84,47,7,69.9,48.7,4.1,4.3,0,0,33.8,66.2,Low Priority
46,1,22.0,0.376,1.463,2.02,0.557,0,2,13,6,6.9,165,159,7,81.9,51.6,2.2,7.2,0,2,74.0,26.0,Immediate Priority
46,1,16.0,-0.155,1.164,1.464,0.3,1,3,12,5,6.8,122,78,10,68.9,51.6,3.3,4.9,0,1,49.4,50.6,Medium Priority
53,1,21.0,0.104,1.334,1.325,-0.01,4,2,10,6,6.9,157,165,4,71.2,43.9,2.6,5.0,0,2,58.9,41.1,High Priority
63,1,22.0,0.826,1.121,1.465,0.345,0,3,10,6,7.0,97,84,13,68.6,54.4,3.6,4.6,0,0,42.6,57.4,Medium Priority
59,2,22.0,0.367,1.285,1.62,0.335,2,2,11,5,6.0,66,86,12,66.8,45.0,3.4,4.6,0,1,42.0,58.0,Medium Priority
53,2,20.0,0.802,1.199,1.899,0.7,0,3,17,5,5.9,106,38,10,82.9,43.5,2.9,2.3,0,2,54.6,45.4,Medium Priority
66,2,20.0,0.464,1.598,2.088,0.49,1,2,22,5,6.4,56,32,3,70.2,54.7,3.2,4.2,0,0,34.7,65.3,Low Priority
44,2,18.0,-0.464,1.816,2.676,0.86,1,3,12,5,6.1,107,23,9,69.7,54.6,3.7,3.5,0,3,50.4,49.6,Medium Priority
53,2,20.0,0.674,0.996,1.738,0.742,0,3,11,6,6.7,126,76,15,73.1,59.4,3.3,3.6,0,1,49.2,50.8,Medium Priority
56,1,19.0,-0.003,0.883,1.155,0.272,0,2,18,6,7.5,50,9,10,55.0,66.5,3.0,4.1,0,0,23.1,76.9,Low Priority
60,2,20.0,0.539,1.27,1.163,-0.108,1,3,12,6,6.9,17,2,7,72.9,71.8,3.2,4.4,0,2,28.4,71.6,Low Priority
73,2,18.0,-0.081,0.976,1.772,0.796,0,1,13,6,7.1,135,132,7,83.3,56.5,3.0,5.5,0,2,64.0,36.0,High Priority
47,1,20.0,0.115,1.338,2.126,0.788,0,3,9,6,6.4,43,0,5,71.6,60.5,4.0,1.7,0,2,31.1,68.9,Low Priority
63,1,21.0,0.639,1.5,1.514,0.014,1,3,16,6,7.9,197,169,11,75.1,52.8,2.2,5.6,0,1,61.9,38.1,High Priority
66,2,15.0,-0.209,1.672,2.503,0.831,20,3,13,6,4.7,54,58,4,73.6,51.4,3.2,3.1,0,3,45.6,54.4,Medium Priority
40,1,21.0,0.63,1.374,1.884,0.511,0,3,17,6,8.1,9,17,9,62.2,50.6,3.9,2.9,0,1,17.4,82.6,Low Priority
66,2,19.0,0.048,1.282,1.73,0.448,2,2,16,6,6.8,59,53,6,62.1,53.0,2.9,3.6,0,1,37.0,63.0,Low Priority
46,2,21.0,0.874,0.87,1.731,0.861,0,3,9,6,6.6,151,76,9,74.4,43.7,3.0,6.1,0,0,51.9,48.1,Medium Priority
41,1,18.0,-0.517,1.333,2.117,0.784,2,1,15,6,5.8,97,12,5,78.3,57.3,2.8,5.6,0,2,47.9,52.1,Medium Priority
81,1,18.0,0.244,1.343,1.93,0.587,1,3,17,6,5.7,101,66,10,75.4,46.2,2.7,4.9,0,1,51.7,48.3,Medium Priority
82,1,22.0,0.767,1.475,2.011,0.536,3,3,11,6,5.7,106,73,7,79.0,64.4,2.3,5.7,0,3,63.8,36.2,High Priority
74,1,17.0,0.06,1.163,1.74,0.577,0,3,8,6,6.2,33,12,13,76.8,54.2,3.5,2.8,0,1,35.9,64.1,Low Priority
53,1,21.0,-0.481,1.227,1.515,0.288,1,2,0,6,7.0,7,1,4,58.7,61.7,4.0,6.6,0,2,24.6,75.4,Low Priority
43,2,19.0,0.252,0.986,1.372,0.386,1,3,12,6,6.6,74,10,8,76.1,57.5,3.1,4.6,0,0,37.9,62.1,Low Priority
69,1,19.0,0.766,0.798,0.943,0.146,0,3,11,6,7.3,86,10,2,70.9,61.2,3.9,5.0,0,1,20.8,79.2,Low Priority
60,2,17.0,-0.333,1.071,1.378,0.307,0,0,13,6,7.7,10,3,7,66.5,57.5,3.6,4.8,0,2,25.7,74.3,Low Priority
44,1,19.0,0.146,0.964,1.262,0.298,0,3,8,6,7.0,85,58,7,73.7,51.0,3.6,4.3,0,1,35.6,64.4,Low Priority
62,2,17.0,0.328,1.405,1.626,0.222,0,3,18,5,8.1,39,21,6,68.7,51.5,3.0,2.5,0,3,40.2,59.8,Medium Priority
39,1,13.0,-0.185,1.207,1.648,0.441,3,3,9,6,5.8,116,97,10,76.4,51.9,3.0,6.4,0,1,50.9,49.1,Medium Priority
78,1,17.0,0.431,1.203,1.513,0.31,0,3,9,6,6.8,72,13,7,73.8,57.3,3.0,5.6,0,1,35.8,64.2,Low Priority
51,2,9.0,-0.671,1.1,1.644,0.545,0,3,12,4,6.5,24,27,8,70.6,66.4,3.3,3.2,0,0,25.2,74.8,Low Priority
68,2,22.0,0.588,0.6,0.7,0.1,1,0,12,6,7.8,86,45,6,68.4,57.3,3.5,6.3,0,0,30.7,69.3,Low Priority
54,1,22.0,-0.158,1.675,2.045,0.37,0,3,9,6,5.2,142,94,9,82.6,53.1,2.4,5.2,0,3,62.4,37.6,High Priority
63,2,18.0,-0.103,1.096,1.535,0.439,0,0,10,6,6.0,59,33,4,58.7,63.1,2.7,4.8,0,1,29.3,70.7,Low Priority
64,2,20.0,0.248,1.232,1.546,0.314,0,3,8,5,6.8,73,21,4,69.8,65.0,4.3,5.8,0,0,25.2,74.8,Low Priority
47,2,17.0,0.29,0.991,1.344,0.353,6,3,15,5,7.4,123,90,7,73.5,57.2,2.7,5.1,0,0,53.6,46.4,Medium Priority
82,1,20.0,0.355,1.552,1.503,-0.048,2,3,16,6,6.9,76,16,4,59.7,57.7,3.2,4.6,0,2,32.0,68.0,Low Priority
72,1,21.0,0.839,1.36,1.863,0.503,2,3,12,6,5.7,5,3,6,74.6,61.7,4.3,3.8,0,0,24.6,75.4,Low Priority
80,2,22.0,0.584,1.136,1.722,0.586,0,0,15,6,6.0,47,26,7,70.2,51.2,3.6,3.0,0,1,36.2,63.8,Low Priority
78,2,18.0,0.454,1.236,1.779,0.542,2,3,16,6,7.6,97,69,11,73.9,57.7,3.0,3.5,0,2,44.4,55.6,Medium Priority
66,1,21.0,0.23,1.715,2.412,0.697,0,3,7,6,6.0,5,1,6,72.0,53.9,3.5,4.2,0,1,31.5,68.5,Low Priority
79,2,17.0,0.211,1.31,1.769,0.459,0,2,22,6,6.2,41,39,5,66.5,49.8,3.2,3.7,0,1,29.4,70.6,Low Priority
42,2,22.0,0.719,1.285,1.823,0.538,0,3,17,6,7.6,49,40,6,75.3,59.9,3.1,2.9,0,0,30.3,69.7,Low Priority
47,1,12.0,-0.236,1.11,1.556,0.446,1,3,8,6,7.4,171,118,11,70.2,56.4,2.6,6.0,0,2,60.5,39.5,High Priority
40,2,19.0,0.41,0.889,1.487,0.597,0,3,8,6,7.7,27,15,6,69.8,57.5,3.9,3.7,0,0,26.2,73.8,Low Priority
54,1,20.0,-0.254,1.29,1.244,-0.046,0,0,7,6,6.5,23,14,6,74.3,61.7,4.0,1.1,0,1,22.1,77.9,Low Priority
57,2,20.0,0.435,1.402,1.55,0.148,0,3,7,6,5.9,76,26,8,66.4,44.4,3.3,4.9,0,1,33.6,66.4,Low Priority
52,2,15.0,-0.399,1.581,2.434,0.853,0,2,16,6,6.4,8,19,8,72.4,48.8,3.4,3.2,0,2,41.4,58.6,Medium Priority
75,2,22.0,1.228,0.808,0.7,-0.108,1,2,12,6,7.5,37,59,7,66.0,58.9,3.3,5.2,0,0,26.9,73.1,Low Priority
55,1,16.0,0.494,1.067,1.429,0.362,0,2,16,6,7.1,66,46,9,67.1,60.0,4.0,3.6,0,1,28.0,72.0,Low Priority
52,1,20.0,0.126,1.193,1.928,0.735,1,1,16,6,7.4,57,64,10,81.8,60.1,3.8,5.3,0,0,37.6,62.4,Low Priority
64,1,16.0,-0.418,1.326,1.702,0.376,0,2,14,4,5.7,71,77,9,76.3,50.5,3.1,3.9,0,2,42.0,58.0,Medium Priority
44,1,17.0,-0.158,1.293,1.58,0.287,2,3,15,6,7.2,159,115,10,73.8,55.1,2.9,5.8,0,2,54.9,45.1,Medium Priority
74,1,19.0,0.429,1.299,1.738,0.439,1,3,3,5,6.0,76,25,8,72.7,54.2,2.8,4.4,0,1,41.9,58.1,Medium Priority
42,2,18.0,-0.337,1.421,1.723,0.302,0,2,10,5,7.3,229,180,9,78.0,48.8,2.8,9.6,1,1,73.7,26.3,Immediate Priority
83,1,16.0,0.151,1.118,1.529,0.411,0,2,14,6,6.6,67,10,6,59.6,60.7,3.7,2.4,0,0,18.5,81.5,Low Priority
72,1,16.0,-0.834,1.543,1.751,0.208,1,3,1,4,6.2,117,56,10,82.0,50.5,2.9,5.4,0,1,48.3,51.7,Medium Priority
47,2,18.0,0.092,1.427,2.144,0.717,2,3,4,5,6.0,10,34,7,67.8,50.8,3.5,2.8,0,1,32.3,67.7,Low Priority
36,1,20.0,0.327,1.253,2.059,0.806,0,2,18,6,5.7,117,76,6,85.6,51.6,3.0,4.8,0,0,52.2,47.8,Medium Priority
74,2,21.0,-0.706,1.697,2.061,0.364,0,0,15,6,6.6,45,29,4,71.7,64.3,2.9,4.1,0,1,31.4,68.6,Low Priority
70,1,14.0,-1.06,1.687,1.695,0.008,3,2,9,6,6.1,79,68,10,73.5,58.0,2.7,5.4,0,2,44.8,55.2,Medium Priority
71,2,18.0,-0.538,1.542,1.796,0.253,1,1,15,5,7.1,163,119,11,71.5,45.2,2.0,6.4,0,1,61.9,38.1,High Priority
72,1,14.0,0.058,0.63,0.979,0.35,0,1,17,5,7.6,45,59,7,79.6,54.8,3.5,4.9,0,2,45.8,54.2,Medium Priority
41,1,11.0,-1.09,1.692,2.237,0.546,0,3,10,5,7.5,53,67,10,75.0,51.7,3.7,3.3,0,1,35.5,64.5,Low Priority
55,2,20.0,-0.19,1.511,1.626,0.116,0,2,4,6,7.0,48,3,12,66.2,61.0,3.0,3.4,0,1,28.4,71.6,Low Priority
44,1,19.0,0.176,1.79,1.974,0.184,1,3,20,6,6.8,52,10,8,64.7,58.2,3.8,2.3,0,1,26.7,73.3,Low Priority
76,2,16.0,-0.758,1.613,2.16,0.547,0,2,11,6,7.3,197,164,7,75.5,52.7,2.7,8.8,1,1,67.1,32.9,High Priority
67,1,16.0,-0.692,1.692,2.36,0.669,20,3,7,6,4.4,61,53,3,80.2,51.6,2.9,3.5,0,2,53.6,46.4,Medium Priority
54,1,12.0,-0.326,1.53,1.755,0.225,0,3,12,5,5.8,85,37,10,67.3,53.5,2.9,3.8,0,2,35.9,64.1,Low Priority
41,2,21.0,0.501,1.639,1.662,0.023,0,3,16,6,6.9,67,20,5,70.5,57.5,3.2,4.6,0,1,32.8,67.2,Low Priority
54,1,22.0,-0.225,1.788,3.122,1.335,1,3,9,6,5.0,34,2,7,72.4,50.6,3.0,4.5,0,1,41.3,58.7,Medium Priority
54,2,15.0,-0.452,1.377,2.001,0.624,3,3,9,6,7.8,20,20,7,73.0,65.5,4.3,2.1,0,1,23.4,76.6,Low Priority
71,2,16.0,0.155,0.964,1.29,0.326,2,3,9,6,7.7,50,31,5,70.3,64.6,3.1,4.9,0,1,35.3,64.7,Low Priority
67,2,21.0,1.516,1.256,1.905,0.649,0,3,25,6,7.9,60,10,4,67.2,59.6,3.7,3.3,0,0,22.9,77.1,Low Priority
77,2,22.0,0.658,1.417,1.784,0.367,1,3,8,6,6.7,71,8,6,70.0,55.3,3.6,5.6,0,2,36.5,63.5,Low Priority
61,1,18.0,0.071,1.344,1.993,0.648,1,3,14,6,6.8,52,31,8,74.7,50.7,3.1,2.9,0,0,39.3,60.7,Low Priority
44,1,13.0,0.619,1.039,1.486,0.447,0,3,20,5,6.6,62,39,4,62.8,57.9,3.5,4.6,0,1,26.6,73.4,Low Priority
70,1,13.0,-0.274,0.95,1.378,0.428,0,3,8,6,7.5,37,12,8,73.2,65.4,4.3,3.3,0,1,23.4,76.6,Low Priority
72,2,19.0,1.113,1.156,1.526,0.37,0,3,22,6,6.1,75,39,6,69.6,58.9,3.0,2.6,0,1,37.1,62.9,Low Priority
64,2,18.0,-0.397,1.514,1.505,-0.009,0,1,21,6,5.4,118,103,11,79.9,53.4,2.4,3.2,0,1,44.4,55.6,Medium Priority
72,1,12.0,-1.353,1.692,2.644,0.952,3,2,19,6,5.5,5,28,6,78.7,56.9,3.0,1.7,0,1,42.7,57.3,Medium Priority
62,2,19.0,-0.269,1.539,1.673,0.135,0,3,9,5,5.9,146,87,12,63.1,43.2,2.7,6.6,0,1,47.0,53.0,Medium Priority
63,1,10.0,-1.869,1.571,1.587,0.016,5,2,14,5,7.3,191,117,12,69.2,54.5,2.0,4.0,0,1,59.4,40.6,High Priority
59,2,21.0,1.164,1.308,1.65,0.342,1,3,16,6,7.8,18,4,11,67.8,65.0,3.9,3.3,0,0,22.4,77.6,Low Priority
38,2,17.0,0.659,0.925,1.054,0.129,1,2,24,5,6.2,7,4,8,68.7,59.8,3.4,2.9,0,2,28.2,71.8,Low Priority
43,2,13.0,-0.688,1.222,1.609,0.387,1,3,8,6,7.5,55,29,7,69.4,55.9,3.8,1.6,0,0,28.2,71.8,Low Priority
39,2,19.0,0.618,1.267,1.865,0.597,0,3,16,5,7.2,64,39,6,71.6,64.6,3.8,2.8,0,0,28.1,71.9,Low Priority
67,1,18.0,0.248,1.212,1.897,0.685,0,3,10,6,5.7,78,24,10,80.1,50.6,2.7,3.1,0,2,47.0,53.0,Medium Priority
54,1,22.0,0.644,1.34,1.973,0.633,0,3,8,6,6.4,48,17,6,72.8,44.9,3.4,3.5,0,0,38.8,61.2,Low Priority
62,1,19.0,0.429,1.429,1.744,0.315,1,3,11,6,6.3,56,46,10,77.1,54.4,3.1,5.4,0,1,44.6,55.4,Medium Priority
78,1,17.0,0.037,1.524,1.94,0.416,0,3,17,6,7.1,5,0,10,61.4,58.5,4.6,3.9,0,1,21.9,78.1,Low Priority
51,1,20.0,0.32,1.263,1.781,0.518,2,3,12,6,5.8,205,154,11,81.5,53.3,2.4,6.2,0,2,70.5,29.5,Immediate Priority
58,2,17.0,0.096,0.887,0.79,-0.097,0,1,13,6,7.2,55,11,5,63.3,66.4,3.4,2.6,0,1,13.8,86.2,Low Priority
72,2,21.0,1.383,1.215,1.78,0.564,0,3,26,5,6.3,168,112,10,79.9,47.4,2.6,4.0,0,2,66.5,33.5,High Priority
49,2,18.0,0.162,1.337,1.325,-0.012,0,3,11,6,7.3,10,5,9,64.3,61.4,3.7,2.2,0,0,16.7,83.3,Low Priority
42,1,19.0,0.587,1.609,2.591,0.981,4,3,14,6,5.8,87,12,5,72.6,50.9,3.6,3.2,0,3,49.6,50.4,Medium Priority
53,2,13.0,-0.448,1.196,1.483,0.287,1,3,11,5,6.5,5,12,7,65.0,69.8,3.7,2.6,0,0,16.0,84.0,Low Priority
45,2,18.0,-0.132,1.445,1.795,0.349,0,3,11,6,6.6,227,180,12,75.9,47.6,2.3,7.0,0,3,70.3,29.7,Immediate Priority
79,1,21.0,0.434,1.394,1.577,0.183,0,2,15,5,8.1,5,0,5,63.0,57.2,4.0,2.0,0,2,16.9,83.1,Low Priority
74,2,21.0,-0.051,1.337,1.56,0.223,0,0,21,6,6.6,55,45,7,60.7,54.8,3.3,3.1,0,0,26.0,74.0,Low Priority
67,2,16.0,-0.384,1.542,2.59,1.048,12,2,13,5,4.6,160,91,7,71.2,41.9,2.4,4.9,0,3,69.1,30.9,High Priority
77,1,16.0,0.066,1.174,1.843,0.669,1,3,16,6,6.9,100,50,7,72.9,50.1,2.7,3.9,0,0,46.9,53.1,Medium Priority
74,2,21.0,0.361,1.194,1.156,-0.038,0,3,6,5,7.0,36,20,7,55.0,52.1,3.7,4.9,0,0,27.8,72.2,Low Priority
47,2,22.0,0.673,1.324,2.153,0.829,1,2,9,6,5.6,159,142,10,81.2,45.6,2.2,6.3,0,3,73.6,26.4,Immediate Priority
77,1,14.0,-0.222,1.179,1.92,0.741,0,3,13,6,8.0,132,100,11,71.1,50.6,2.5,5.8,0,3,56.3,43.7,High Priority
64,2,18.0,-0.431,1.444,1.766,0.322,7,3,3,6,5.9,67,25,5,72.9,61.0,4.2,5.1,0,0,34.0,66.0,Low Priority
74,2,17.0,0.322,1.162,1.651,0.489,0,3,9,6,6.6,99,38,6,66.5,56.2,3.6,5.6,0,0,35.1,64.9,Low Priority
78,2,21.0,0.072,1.379,1.777,0.398,1,2,13,6,6.7,172,154,15,83.1,44.5,2.5,7.6,1,2,82.4,17.6,Immediate Priority
54,2,14.0,-1.106,1.304,2.266,0.962,0,2,2,5,7.5,169,180,9,82.8,33.1,2.2,6.6,0,2,83.1,16.9,Immediate Priority
43,1,16.0,-0.385,1.377,1.553,0.176,1,2,9,6,5.8,59,26,12,64.2,61.1,3.5,3.9,0,1,32.7,67.3,Low Priority
49,2,20.0,0.205,1.221,1.664,0.443,2,1,13,5,6.8,102,84,9,70.4,54.6,2.6,3.8,0,0,40.1,59.9,Medium Priority
59,2,13.0,-0.32,1.249,1.529,0.28,1,2,14,5,8.0,13,16,9,70.9,60.9,3.8,1.8,0,0,18.4,81.6,Low Priority
74,1,19.0,-0.366,1.349,1.344,-0.005,1,0,20,6,7.0,57,20,6,64.1,55.7,3.2,4.7,0,1,30.6,69.4,Low Priority
76,2,18.0,0.349,1.374,2.398,1.024,3,3,14,5,5.4,32,8,5,74.3,59.7,3.7,3.0,0,1,33.9,66.1,Low Priority
36,2,17.0,-0.067,1.326,1.392,0.066,0,3,11,6,6.6,47,10,9,74.1,54.1,3.3,1.8,0,2,37.0,63.0,Low Priority
63,2,18.0,0.048,1.721,2.185,0.465,0,3,20,6,6.6,55,48,8,67.6,51.5,3.8,1.1,0,1,27.9,72.1,Low Priority
59,1,19.0,0.637,1.098,1.006,-0.092,0,2,16,6,8.0,74,32,9,70.2,66.6,3.8,6.6,0,0,31.5,68.5,Low Priority
49,2,16.0,-0.316,1.312,1.601,0.289,13,3,8,6,5.6,8,11,9,66.6,62.6,3.6,1.5,0,0,23.2,76.8,Low Priority
44,1,19.0,0.486,0.963,1.485,0.522,0,3,7,6,7.4,32,23,8,56.8,59.6,3.9,2.3,0,0,20.7,79.3,Low Priority
54,1,21.0,-0.191,1.413,1.581,0.168,1,0,15,6,5.9,44,21,9,75.9,52.0,3.7,4.9,0,1,32.9,67.1,Low Priority
80,1,20.0,0.49,1.069,1.638,0.569,1,3,13,6,5.9,240,180,5,85.5,42.0,1.8,5.8,0,1,74.5,25.5,Immediate Priority
54,1,15.0,-0.569,1.263,1.588,0.326,0,0,17,6,6.5,135,86,11,74.7,57.0,3.3,5.8,0,1,52.1,47.9,Medium Priority
63,2,15.0,0.162,1.241,1.973,0.731,0,3,16,6,7.5,78,22,6,64.6,64.7,3.0,6.2,0,0,33.3,66.7,Low Priority
70,2,17.0,-0.308,1.392,2.181,0.789,0,3,14,6,6.5,175,110,13,72.9,41.2,2.8,8.5,1,1,78.6,21.4,Immediate Priority
55,1,18.0,0.837,1.199,1.435,0.235,0,3,24,6,7.1,138,18,3,72.0,60.9,3.6,4.7,0,1,33.6,66.4,Low Priority
82,2,18.0,0.195,1.189,1.613,0.424,0,3,13,6,7.0,80,49,6,70.1,49.6,2.9,4.1,0,0,37.9,62.1,Low Priority
81,2,20.0,0.173,1.659,2.113,0.454,0,3,7,6,7.2,218,153,10,74.2,51.5,2.3,6.4,0,1,66.2,33.8,High Priority
51,2,13.0,-0.58,1.393,1.971,0.578,3,3,17,5,6.0,77,22,9,74.6,56.4,3.0,4.0,0,0,38.5,61.5,Low Priority
62,1,12.0,-0.638,1.197,1.603,0.406,7,3,9,3,6.7,105,51,11,76.8,51.0,3.1,6.2,0,2,58.1,41.9,High Priority
53,1,18.0,-0.082,1.269,1.725,0.456,0,1,16,5,6.2,89,15,4,72.3,64.4,3.3,2.6,0,0,30.8,69.2,Low Priority
52,2,20.0,-0.033,1.707,2.04,0.333,0,1,22,5,7.7,32,13,5,62.6,62.1,3.9,3.9,0,0,21.4,78.6,Low Priority
39,2,16.0,0.26,1.273,1.707,0.435,0,3,15,5,6.3,55,38,5,64.0,56.1,3.0,3.4,0,0,32.0,68.0,Low Priority
66,1,20.0,0.355,1.168,1.938,0.771,1,3,14,6,6.0,211,174,7,85.4,41.5,2.0,8.4,1,1,80.4,19.6,Immediate Priority
62,1,17.0,0.533,1.169,1.754,0.585,2,3,12,6,6.9,52,27,7,67.2,57.7,3.5,5.1,0,1,36.1,63.9,Low Priority
40,2,21.0,0.185,1.2,1.801,0.601,0,1,11,6,6.7,161,124,9,72.3,47.4,2.8,5.2,0,1,54.1,45.9,Medium Priority
52,2,21.0,0.917,1.19,1.797,0.607,0,3,11,5,6.9,179,110,7,82.3,47.2,3.4,5.9,0,1,58.4,41.6,High Priority
78,2,17.0,0.299,1.031,1.39,0.358,2,2,14,6,6.9,31,13,6,70.9,66.5,4.1,4.2,0,0,23.5,76.5,Low Priority
50,2,16.0,0.323,1.067,1.56,0.493,1,3,16,6,6.1,45,23,9,71.6,53.8,3.5,4.6,0,1,39.3,60.7,Low Priority
45,1,18.0,0.22,1.135,1.229,0.094,0,3,15,6,8.0,80,46,8,60.4,59.2,3.9,1.1,0,2,28.4,71.6,Low Priority
62,2,17.0,-0.325,1.464,2.226,0.762,1,3,8,6,6.9,56,32,7,79.8,54.8,3.6,4.7,0,1,41.6,58.4,Medium Priority
82,2,20.0,0.557,1.239,0.851,-0.388,0,2,12,6,8.1,5,4,4,67.8,74.1,4.0,4.6,0,0,15.8,84.2,Low Priority
50,1,21.0,1.084,1.279,1.656,0.377,0,3,17,6,6.5,195,180,9,76.9,50.1,2.8,6.7,0,2,66.7,33.3,High Priority
68,2,20.0,0.063,1.62,2.346,0.726,2,3,12,6,6.5,109,62,10,72.4,49.2,2.8,5.8,0,0,51.9,48.1,Medium Priority
72,2,21.0,-0.217,1.626,1.641,0.015,2,3,13,5,6.8,90,25,6,68.5,64.0,2.7,5.8,0,2,37.4,62.6,Low Priority
50,1,18.0,0.365,1.262,1.777,0.516,0,3,16,6,7.4,44,43,9,68.8,58.4,3.2,3.6,0,2,33.2,66.8,Low Priority
71,2,15.0,0.004,1.181,1.39,0.209,5,3,15,5,7.2,5,4,5,75.5,57.9,4.4,3.6,0,3,32.7,67.3,Low Priority
56,1,20.0,0.524,1.127,1.425,0.297,0,3,11,6,7.0,60,30,8,66.0,56.9,3.5,3.7,0,0,25.4,74.6,Low Priority
67,2,18.0,0.438,1.487,2.158,0.671,2,3,19,6,5.4,98,120,14,76.3,50.8,2.6,4.4,0,2,62.6,37.4,High Priority
67,2,20.0,0.219,1.28,1.738,0.458,0,2,8,5,7.8,120,102,7,77.0,65.1,3.1,4.1,0,2,52.5,47.5,Medium Priority
64,2,17.0,0.941,1.238,1.062,-0.176,3,3,27,5,7.2,5,18,5,63.9,63.9,4.1,2.8,0,1,20.4,79.6,Low Priority
42,2,14.0,-0.257,1.139,1.264,0.125,3,3,7,4,6.4,98,34,7,73.2,54.7,3.4,6.7,0,1,38.0,62.0,Low Priority
75,1,22.0,-0.193,1.149,1.828,0.679,0,2,2,4,6.9,63,53,16,75.9,54.8,3.3,2.7,0,0,38.7,61.3,Low Priority
54,2,15.0,-0.314,1.401,1.93,0.529,4,2,19,4,5.4,89,18,7,74.8,49.1,3.5,5.0,0,1,46.1,53.9,Medium Priority
47,2,22.0,1.295,1.023,1.922,0.898,2,3,9,5,7.1,60,3,9,65.0,56.5,3.8,4.1,0,1,30.3,69.7,Low Priority
39,1,22.0,0.171,1.557,2.437,0.88,2,1,16,5,5.3,44,31,7,76.0,45.9,3.3,5.1,0,1,45.2,54.8,Medium Priority
66,2,21.0,2.335,1.204,1.508,0.305,0,8,17,5,6.7,44,41,4,63.9,56.7,3.7,5.4,0,0,26.8,73.2,Low Priority
69,2,20.0,0.505,1.292,2.405,1.113,2,2,18,6,6.3,25,0,5,71.3,56.0,3.7,1.9,0,1,36.4,63.6,Low Priority
38,1,19.0,1.186,1.018,1.427,0.409,2,3,25,6,7.4,31,4,5,68.6,61.7,3.7,2.4,0,1,31.1,68.9,Low Priority
63,2,21.0,0.012,1.324,1.453,0.129,0,3,10,5,7.0,48,10,7,74.4,59.4,3.6,2.8,0,2,26.8,73.2,Low Priority
49,2,17.0,0.203,1.251,1.473,0.222,5,3,15,6,6.9,29,19,7,62.6,63.2,3.4,2.5,0,1,27.8,72.2,Low Priority
68,1,19.0,0.118,1.315,1.077,-0.239,0,3,7,6,7.1,83,35,2,66.6,59.3,4.0,3.7,0,0,22.6,77.4,Low Priority
46,2,20.0,0.363,1.667,2.525,0.858,0,3,11,6,6.2,51,15,6,70.2,52.7,2.9,3.9,0,0,32.6,67.4,Low Priority
69,1,18.0,0.405,1.368,2.223,0.855,1,3,18,6,6.4,35,14,4,73.2,54.4,4.0,2.2,0,0,28.6,71.4,Low Priority
57,1,18.0,-0.575,1.143,1.257,0.114,1,1,11,6,6.8,103,91,8,65.1,62.1,2.2,3.7,0,1,41.2,58.8,Medium Priority
80,1,17.0,-0.459,1.163,1.5,0.337,1,0,14,6,5.8,32,7,4,65.6,54.3,3.6,2.2,0,1,26.6,73.4,Low Priority
44,2,19.0,-0.202,1.464,1.894,0.429,0,2,13,6,6.2,39,30,8,62.5,57.6,3.0,3.9,0,1,33.9,66.1,Low Priority
55,2,21.0,0.143,1.627,1.756,0.129,6,3,14,6,6.4,168,137,9,69.4,43.5,2.8,5.8,0,2,66.7,33.3,High Priority
43,1,16.0,-0.12,1.392,1.296,-0.096,0,2,23,6,6.9,76,44,4,66.1,59.8,3.3,3.7,0,0,24.8,75.2,Low Priority
79,1,22.0,0.104,1.486,1.828,0.342,0,2,5,6,6.6,92,56,4,78.0,56.8,2.7,3.3,0,4,45.9,54.1,Medium Priority
77,2,20.0,0.651,1.468,1.779,0.311,0,3,14,6,6.5,99,25,5,70.4,62.0,4.1,2.6,0,0,32.7,67.3,Low Priority
51,1,21.0,0.618,1.655,1.946,0.292,1,3,18,6,6.0,26,0,3,69.1,54.3,4.0,5.0,0,2,31.0,69.0,Low Priority
68,2,19.0,0.832,0.877,1.342,0.465,4,3,12,6,6.4,101,46,5,76.6,50.5,3.6,4.2,0,1,48.0,52.0,Medium Priority
74,2,21.0,0.009,1.481,2.289,0.808,1,2,6,6,6.1,79,44,7,76.3,47.9,3.0,7.3,0,2,52.2,47.8,Medium Priority
64,2,11.0,-1.376,1.554,1.87,0.316,2,1,13,3,6.5,29,5,5,69.8,62.5,3.8,4.0,0,1,31.2,68.8,Low Priority
63,2,21.0,0.893,1.018,1.468,0.45,0,3,10,6,7.1,54,27,6,65.1,70.0,3.2,5.8,0,1,29.7,70.3,Low Priority
50,1,13.0,-1.179,1.122,1.731,0.608,1,2,8,5,6.6,139,111,7,74.5,54.1,1.7,6.5,0,1,55.2,44.8,High Priority
42,2,21.0,0.998,1.13,1.69,0.559,0,3,18,6,6.1,46,10,6,66.6,50.6,3.0,3.6,0,0,31.0,69.0,Low Priority
78,2,22.0,0.667,1.159,1.386,0.228,0,3,13,6,6.1,33,27,8,67.4,60.6,3.1,2.4,0,0,20.8,79.2,Low Priority
78,2,17.0,0.715,1.216,1.645,0.429,0,3,20,5,8.4,20,27,6,62.6,58.1,3.7,1.7,0,1,22.7,77.3,Low Priority
67,1,16.0,-0.215,1.383,1.941,0.558,1,2,17,6,5.9,120,74,13,78.7,48.1,2.7,6.2,0,0,59.4,40.6,High Priority
55,2,20.0,0.394,1.527,1.609,0.082,0,3,15,5,6.5,130,78,11,71.9,53.9,3.0,5.4,0,1,41.7,58.3,Medium Priority
55,1,17.0,-0.932,1.577,2.338,0.761,2,3,0,6,6.5,112,64,5,73.0,53.0,2.8,5.5,0,2,50.4,49.6,Medium Priority
71,1,21.0,0.937,1.133,1.942,0.809,0,3,12,5,6.8,53,20,8,67.1,57.6,2.9,4.5,0,0,36.1,63.9,Low Priority
78,1,14.0,-0.175,1.132,1.329,0.197,0,3,8,6,7.3,52,3,7,67.1,59.6,3.9,4.0,0,0,21.0,79.0,Low Priority
77,2,15.0,-0.294,1.631,2.088,0.457,1,2,20,6,6.2,66,19,3,67.2,60.0,3.3,3.3,0,0,29.0,71.0,Low Priority
73,2,22.0,-0.039,1.476,2.061,0.584,0,2,8,6,6.7,100,51,6,75.0,51.2,3.0,5.7,0,0,44.8,55.2,Medium Priority
67,2,20.0,0.189,1.346,1.593,0.247,3,3,10,6,6.6,62,54,7,61.7,61.6,3.9,3.5,0,0,30.2,69.8,Low Priority
42,2,21.0,0.556,1.436,1.975,0.539,1,3,13,5,6.3,152,150,13,81.9,38.4,2.4,5.6,0,2,71.2,28.8,Immediate Priority
45,1,17.0,-0.187,1.32,1.768,0.448,0,3,9,6,6.9,47,27,5,71.4,58.6,3.5,4.3,0,3,28.4,71.6,Low Priority
78,2,20.0,0.303,1.448,1.433,-0.015,6,3,9,5,7.1,74,45,9,71.3,52.0,3.8,3.9,0,0,39.4,60.6,Low Priority
66,1,19.0,0.031,1.249,1.782,0.532,0,3,14,4,6.7,57,34,2,71.5,52.2,2.9,1.5,0,0,26.1,73.9,Low Priority
37,2,19.0,-0.076,1.389,1.479,0.09,0,3,6,5,6.9,5,7,6,70.9,57.8,3.7,3.8,0,1,25.5,74.5,Low Priority
43,2,20.0,0.822,0.978,1.647,0.669,1,3,5,6,7.4,100,27,7,64.4,67.2,4.1,6.0,0,0,31.2,68.8,Low Priority
68,2,19.0,0.223,1.168,1.379,0.211,0,2,11,6,7.5,58,35,3,66.2,67.1,3.6,1.5,0,0,19.2,80.8,Low Priority
36,2,18.0,0.479,1.171,1.527,0.356,2,3,15,5,7.7,169,135,11,71.4,56.8,2.4,4.6,0,2,63.6,36.4,High Priority
45,1,17.0,0.3,1.241,2.032,0.792,2,2,13,5,5.3,81,20,8,80.0,52.3,3.1,6.5,0,1,44.3,55.7,Medium Priority
64,2,21.0,0.284,1.113,1.656,0.543,11,3,12,5,6.4,147,176,7,72.5,45.7,2.4,5.7,0,4,73.9,26.1,Immediate Priority
69,2,16.0,-0.076,1.204,1.299,0.095,0,3,13,6,7.4,52,35,8,62.3,66.7,2.8,3.5,0,0,25.8,74.2,Low Priority
68,2,20.0,0.623,0.977,1.091,0.114,0,3,11,6,6.6,32,12,3,75.7,64.1,3.2,2.6,0,2,28.5,71.5,Low Priority
49,1,16.0,0.085,1.454,1.686,0.232,1,2,21,5,6.8,30,9,5,56.1,59.3,4.5,1.9,0,1,15.1,84.9,Low Priority
70,2,20.0,0.352,1.308,1.822,0.514,0,3,5,6,7.3,31,6,8,72.6,67.9,4.1,2.9,0,1,23.4,76.6,Low Priority
50,2,20.0,0.173,0.933,1.437,0.504,1,1,15,6,6.3,93,27,5,69.8,61.3,4.0,5.5,0,1,39.2,60.8,Low Priority
54,1,16.0,0.587,1.134,1.297,0.163,1,3,19,6,7.2,46,0,8,66.6,63.8,4.3,3.4,0,0,22.3,77.7,Low Priority
71,1,13.0,-0.938,1.405,1.475,0.071,0,1,17,6,7.4,79,26,7,72.8,58.3,3.7,4.8,0,2,33.0,67.0,Low Priority
68,2,15.0,0.007,1.202,1.684,0.482,0,3,8,6,6.1,211,180,11,80.6,40.5,2.0,8.8,1,4,91.6,8.4,Immediate Priority
75,2,19.0,0.169,1.166,1.516,0.35,2,3,10,6,6.6,44,49,11,76.4,54.3,3.5,2.7,0,1,41.1,58.9,Medium Priority
68,1,21.0,0.676,1.31,2.324,1.015,2,3,15,6,6.4,42,64,16,72.8,53.2,3.8,3.7,0,1,46.5,53.5,Medium Priority
65,1,13.0,-0.841,1.406,1.819,0.412,0,3,6,6,6.2,5,5,7,66.9,61.2,3.8,3.8,0,1,23.6,76.4,Low Priority
42,1,20.0,0.861,0.995,1.912,0.917,0,2,17,6,6.1,66,28,6,77.2,47.2,3.5,2.7,0,0,35.1,64.9,Low Priority
56,1,17.0,-0.584,1.454,1.524,0.07,0,1,15,6,6.8,45,15,10,65.5,49.5,3.5,3.6,0,1,33.7,66.3,Low Priority
52,1,19.0,0.627,1.142,1.097,-0.045,3,3,16,5,7.4,125,101,7,73.7,51.1,3.4,7.2,0,1,54.1,45.9,Medium Priority
50,2,22.0,0.556,1.323,1.407,0.084,0,3,6,4,7.3,29,9,10,71.0,59.8,3.7,2.7,0,2,28.2,71.8,Low Priority
82,2,17.0,0.024,1.319,2.059,0.74,1,2,15,6,5.9,107,27,5,78.0,59.4,3.5,5.9,0,1,44.7,55.3,Medium Priority
57,2,19.0,0.719,1.205,2.106,0.901,0,3,15,6,6.9,48,39,8,65.0,54.0,3.3,3.3,0,1,34.6,65.4,Low Priority
77,1,10.0,-0.362,1.091,1.27,0.18,1,3,17,6,6.4,85,32,4,68.0,59.0,3.2,6.4,0,0,31.3,68.7,Low Priority
67,2,14.0,-1.489,1.261,1.532,0.271,0,0,4,6,5.9,109,79,12,75.1,53.3,2.3,2.7,0,1,50.0,50.0,Medium Priority
73,2,17.0,-0.967,1.702,1.772,0.07,2,2,3,6,6.3,39,11,8,67.4,52.0,3.2,3.4,0,0,26.3,73.7,Low Priority
62,2,12.0,-0.877,1.012,0.9,-0.113,0,1,11,5,7.9,80,21,7,65.1,72.1,3.5,2.3,0,0,22.6,77.4,Low Priority
65,2,20.0,-0.008,1.718,2.324,0.606,1,3,8,6,6.7,136,70,14,75.9,48.0,3.8,4.4,0,0,50.2,49.8,Medium Priority
62,1,18.0,0.253,1.267,1.732,0.465,0,3,13,6,6.7,57,33,6,66.3,64.6,3.2,2.8,0,1,29.7,70.3,Low Priority
47,2,19.0,0.632,1.335,1.74,0.405,1,3,20,5,6.4,72,23,7,68.2,55.9,3.7,3.6,0,0,33.2,66.8,Low Priority
71,1,16.0,-0.185,1.076,1.08,0.004,3,3,11,5,6.7,40,1,9,61.7,60.0,3.3,1.9,0,0,23.8,76.2,Low Priority
52,2,17.0,0.316,1.149,2.017,0.868,0,2,18,4,6.6,92,62,13,72.1,47.5,3.3,4.3,0,1,50.5,49.5,Medium Priority
38,1,20.0,0.098,1.211,1.47,0.259,3,3,0,6,6.0,196,161,11,71.5,46.3,2.4,7.0,0,1,61.5,38.5,High Priority
68,1,22.0,0.94,1.085,1.639,0.554,1,3,8,6,6.5,55,43,14,74.0,66.9,2.7,1.8,0,3,45.2,54.8,Medium Priority
46,2,13.0,-0.99,1.279,1.268,-0.011,0,2,4,6,6.9,109,87,13,70.7,56.9,2.4,3.9,0,0,43.0,57.0,Medium Priority
80,1,21.0,0.219,1.233,1.581,0.348,0,3,10,6,6.0,47,32,8,66.5,56.5,3.0,6.5,0,1,35.9,64.1,Low Priority
81,2,19.0,0.154,1.755,2.239,0.485,0,3,19,5,5.9,63,11,6,77.7,50.6,2.9,4.2,0,0,35.6,64.4,Low Priority
79,1,19.0,0.269,1.058,1.553,0.495,1,3,6,6,7.0,27,0,5,64.9,64.0,3.9,1.0,0,0,20.7,79.3,Low Priority
56,2,19.0,0.524,1.351,1.797,0.446,1,3,14,6,6.6,44,47,12,71.2,55.9,3.5,1.7,0,0,32.9,67.1,Low Priority
37,2,14.0,-1.051,1.384,1.927,0.542,0,2,12,6,6.4,41,30,4,70.0,55.0,2.8,3.6,0,0,28.8,71.2,Low Priority
79,2,14.0,-0.005,1.08,1.161,0.081,0,2,21,6,6.5,18,68,10,69.5,58.1,3.2,3.0,0,0,25.9,74.1,Low Priority
59,1,19.0,0.081,1.486,1.944,0.458,2,3,7,6,7.4,70,53,10,69.5,47.4,3.3,3.2,0,2,47.3,52.7,Medium Priority
82,1,17.0,-0.385,1.235,1.669,0.434,4,2,9,6,6.0,210,180,11,78.2,42.3,2.0,9.3,1,1,83.6,16.4,Immediate Priority
82,1,22.0,0.884,0.751,1.219,0.468,0,3,4,6,7.2,58,32,5,67.4,54.4,3.5,6.8,0,0,32.1,67.9,Low Priority
76,1,18.0,-0.067,1.479,1.902,0.423,5,3,12,6,5.9,104,25,14,74.1,54.4,3.5,4.3,0,0,45.8,54.2,Medium Priority
53,2,15.0,-0.187,1.069,1.109,0.04,1,3,10,6,7.1,59,15,3,64.4,58.1,4.3,4.7,0,2,28.7,71.3,Low Priority
57,2,20.0,0.809,1.085,1.113,0.028,0,3,18,5,7.4,72,29,8,60.7,58.4,4.1,5.0,0,0,24.5,75.5,Low Priority
76,2,17.0,-0.134,1.486,1.259,-0.227,2,3,14,6,6.0,80,92,10,67.3,45.1,3.4,5.4,0,2,42.8,57.2,Medium Priority
54,2,19.0,0.602,1.247,1.881,0.634,0,3,14,6,6.6,21,1,3,77.0,64.0,3.2,2.2,0,0,21.9,78.1,Low Priority
46,2,20.0,0.15,1.539,2.176,0.637,0,3,13,6,7.2,188,171,11,83.4,42.0,2.2,8.6,1,1,80.9,19.1,Immediate Priority
64,2,21.0,-0.375,1.607,2.248,0.642,0,2,6,6,7.5,190,180,11,81.9,42.2,2.7,6.2,0,1,67.9,32.1,High Priority
80,1,21.0,0.77,1.178,1.667,0.489,2,2,12,6,6.5,50,40,3,67.7,63.5,4.1,4.0,0,2,24.4,75.6,Low Priority
70,2,20.0,1.434,1.51,1.306,-0.204,2,3,36,4,6.9,5,18,4,61.5,62.9,4.1,2.6,0,0,11.3,88.7,Low Priority
65,2,20.0,0.142,1.152,1.263,0.11,0,2,17,6,8.3,9,11,4,61.6,55.4,3.7,2.5,0,1,17.1,82.9,Low Priority
43,2,22.0,0.093,1.843,2.293,0.45,0,2,19,6,7.1,65,14,5,66.2,64.1,3.5,4.1,0,0,24.0,76.0,Low Priority
66,1,17.0,0.175,1.167,1.607,0.44,0,2,17,6,6.4,28,2,5,62.6,67.1,3.8,1.6,0,3,25.1,74.9,Low Priority
83,1,6.0,-1.65,1.564,1.903,0.339,1,3,7,5,6.2,46,29,9,63.4,62.4,3.1,1.1,0,0,18.0,82.0,Low Priority
44,2,17.0,-0.521,1.522,2.029,0.507,0,3,9,5,7.1,31,2,8,61.5,62.7,3.4,2.9,0,2,23.3,76.7,Low Priority
63,2,16.0,-0.926,1.4,1.805,0.405,2,1,0,4,5.9,116,57,8,75.4,46.5,2.8,3.8,0,0,50.5,49.5,Medium Priority
77,2,20.0,0.66,1.172,1.608,0.436,0,3,10,6,7.5,50,20,9,60.5,60.4,3.9,4.2,0,0,21.1,78.9,Low Priority
71,1,20.0,0.367,1.292,1.513,0.221,0,3,7,6,7.1,53,10,6,67.8,53.3,3.4,4.1,0,0,23.4,76.6,Low Priority
70,2,19.0,0.462,0.83,1.51,0.681,0,1,12,6,7.2,43,35,7,69.3,54.6,4.0,3.4,0,0,26.6,73.4,Low Priority
70,1,11.0,-0.519,1.379,1.659,0.28,0,3,15,6,6.6,177,163,14,79.5,40.8,2.2,7.8,1,1,78.7,21.3,Immediate Priority
55,1,20.0,0.7,1.408,1.432,0.024,5,3,18,6,6.1,91,53,10,73.1,51.4,3.2,4.3,0,0,43.4,56.6,Medium Priority
53,1,17.0,0.511,1.358,1.541,0.183,0,3,16,6,7.7,107,30,4,64.7,61.8,4.2,2.9,0,0,21.5,78.5,Low Priority
74,2,20.0,1.616,0.64,0.943,0.303,0,3,21,6,7.1,132,67,10,70.4,56.1,3.5,4.9,0,0,42.4,57.6,Medium Priority
74,2,19.0,-0.157,1.035,1.719,0.684,0,2,5,6,6.5,104,60,3,74.0,51.5,3.6,6.0,0,0,42.4,57.6,Medium Priority
76,1,17.0,-0.058,1.154,1.544,0.39,0,3,2,6,6.8,133,100,8,69.8,50.9,2.5,2.9,0,1,45.0,55.0,Medium Priority
79,2,15.0,-0.811,1.394,1.744,0.349,0,1,15,6,6.8,75,10,7,71.4,66.4,3.7,3.9,0,0,27.3,72.7,Low Priority
63,1,14.0,-0.346,1.394,1.441,0.047,0,3,10,6,6.3,137,88,10,71.3,63.0,3.2,5.9,0,0,37.6,62.4,Low Priority
62,2,21.0,0.575,1.288,1.913,0.625,1,3,9,6,6.2,5,16,7,72.3,53.5,3.2,5.8,0,1,38.2,61.8,Low Priority
73,2,22.0,0.207,1.474,1.691,0.217,1,3,10,6,6.3,130,127,7,69.2,49.8,2.6,6.5,0,1,56.9,43.1,High Priority
68,2,20.0,0.224,1.09,1.464,0.374,0,2,9,5,7.4,52,14,9,66.9,57.3,3.8,3.7,0,2,30.2,69.8,Low Priority
70,1,14.0,-0.338,1.468,2.29,0.822,0,3,13,5,5.9,102,117,11,76.9,48.9,2.6,5.2,0,2,62.8,37.2,High Priority
73,2,18.0,0.008,1.437,1.983,0.546,7,3,12,2,5.0,156,149,11,82.0,38.5,2.3,3.3,0,3,76.6,23.4,Immediate Priority
77,2,20.0,0.468,1.414,1.354,-0.06,0,3,13,6,5.8,19,7,5,66.0,53.8,3.1,1.6,0,0,19.2,80.8,Low Priority
54,1,21.0,0.883,1.285,1.184,-0.101,0,3,15,5,6.2,188,165,10,77.6,56.7,2.4,7.0,0,3,63.8,36.2,High Priority
56,2,15.0,-0.597,1.75,2.134,0.384,0,3,11,5,7.3,26,4,6,56.3,52.6,4.4,3.2,0,0,17.3,82.7,Low Priority
42,1,5.0,-1.608,1.441,1.499,0.058,0,3,9,6,6.9,33,11,10,70.0,47.7,3.9,3.5,0,0,26.3,73.7,Low Priority
65,2,20.0,0.751,1.103,1.69,0.586,1,3,8,6,7.0,76,26,5,70.9,62.0,4.0,4.1,0,0,29.9,70.1,Low Priority
39,1,18.0,0.196,1.384,1.798,0.414,0,3,11,6,7.0,203,180,7,74.6,43.8,2.3,6.6,0,1,64.5,35.5,High Priority
61,2,17.0,0.115,1.501,1.95,0.449,1,3,16,6,6.6,50,30,6,62.1,52.4,4.3,3.6,0,0,25.1,74.9,Low Priority
64,2,10.0,-0.723,1.191,1.392,0.201,0,3,16,5,6.9,31,35,9,70.3,72.2,3.8,1.9,0,0,25.5,74.5,Low Priority
53,1,19.0,0.074,1.579,2.475,0.897,0,2,15,5,6.9,108,53,11,70.0,56.5,3.4,4.4,0,2,41.0,59.0,Medium Priority
66,1,21.0,0.435,1.415,2.625,1.209,2,3,9,6,6.1,168,155,8,87.1,41.2,2.5,4.4,0,1,81.4,18.6,Immediate Priority
39,1,22.0,1.496,0.786,1.109,0.323,0,3,14,6,8.0,70,68,7,69.6,56.8,3.5,3.2,0,0,31.0,69.0,Low Priority
39,2,19.0,0.067,1.396,1.898,0.502,1,2,14,6,6.9,46,11,4,77.3,60.7,3.9,4.9,0,1,31.9,68.1,Low Priority
74,1,19.0,0.034,1.233,1.663,0.43,0,3,12,5,6.4,26,16,4,69.2,48.7,3.8,2.8,0,0,28.8,71.2,Low Priority
55,2,14.0,-0.717,1.451,1.779,0.328,1,3,13,6,6.3,20,4,6,73.0,55.1,3.8,3.6,0,1,29.8,70.2,Low Priority
44,1,19.0,0.274,1.545,1.711,0.166,0,3,12,6,6.3,82,46,5,72.8,54.3,3.2,4.3,0,0,35.7,64.3,Low Priority
63,1,18.0,0.078,1.372,1.466,0.094,2,3,13,5,7.5,29,8,13,63.1,63.3,3.3,2.6,0,1,29.7,70.3,Low Priority
72,2,20.0,0.037,1.712,1.791,0.079,0,2,15,5,6.5,100,13,5,69.1,56.6,3.7,3.3,0,2,32.1,67.9,Low Priority
48,1,18.0,-0.228,1.286,1.803,0.517,3,2,7,6,6.0,126,98,11,74.5,45.4,3.0,4.5,0,2,62.8,37.2,High Priority
67,2,17.0,0.067,1.471,1.726,0.254,0,3,16,6,6.9,62,17,13,76.5,63.3,3.3,4.0,0,1,31.5,68.5,Low Priority
42,2,14.0,-1.245,1.513,1.183,-0.33,1,1,7,6,6.9,18,37,6,68.0,51.0,3.3,3.6,0,2,32.5,67.5,Low Priority
40,2,17.0,-0.646,1.305,1.833,0.528,0,2,5,6,6.9,30,22,4,71.3,56.3,4.0,3.2,0,1,28.6,71.4,Low Priority
63,2,14.0,-0.028,1.507,1.898,0.391,3,3,23,6,7.5,5,3,12,66.4,58.5,3.4,3.4,0,0,30.7,69.3,Low Priority
64,2,16.0,0.343,1.19,1.974,0.784,0,3,22,6,7.1,26,20,8,65.4,63.2,3.6,1.2,0,0,24.5,75.5,Low Priority
67,1,22.0,0.421,1.229,1.737,0.508,0,3,5,6,6.8,63,23,6,77.5,55.3,4.2,4.8,0,0,32.6,67.4,Low Priority
71,1,18.0,0.388,1.024,1.006,-0.018,0,3,12,6,6.3,156,101,6,69.3,55.1,2.9,4.3,0,3,49.6,50.4,Medium Priority
82,1,19.0,-0.216,1.383,1.152,-0.231,0,2,8,4,6.8,55,17,9,62.0,62.2,3.4,4.8,0,0,22.0,78.0,Low Priority
63,2,21.0,0.13,1.402,1.6,0.198,0,1,12,6,7.2,45,21,7,65.8,50.7,3.7,4.0,0,1,27.6,72.4,Low Priority
54,1,22.0,0.629,1.599,1.824,0.224,4,3,17,6,5.7,82,68,6,68.1,49.9,3.3,1.9,0,1,36.8,63.2,Low Priority
73,2,19.0,0.722,1.51,2.18,0.67,11,3,21,5,6.9,121,64,12,80.7,44.3,3.3,5.8,0,0,65.3,34.7,High Priority
52,2,21.0,0.455,1.261,1.661,0.399,0,1,14,6,6.8,153,72,13,69.9,55.9,3.5,6.8,0,1,52.4,47.6,Medium Priority
60,2,17.0,0.432,1.055,1.779,0.724,4,3,11,6,6.4,171,138,10,64.9,43.5,2.7,7.4,0,1,67.8,32.2,High Priority
42,2,17.0,-0.667,1.427,1.453,0.026,1,0,14,6,6.4,124,71,11,72.8,59.8,3.1,4.1,0,1,46.0,54.0,Medium Priority
38,1,18.0,-0.046,1.584,2.26,0.676,0,3,10,6,6.7,61,23,5,74.1,54.5,3.8,3.9,0,2,39.3,60.7,Low Priority
81,2,20.0,0.505,1.501,2.108,0.607,1,2,20,6,5.7,125,77,13,75.8,44.7,2.8,5.8,0,1,54.8,45.2,Medium Priority
75,2,20.0,0.204,1.578,1.406,-0.171,1,2,18,5,8.2,31,31,8,58.5,68.8,3.5,4.0,0,1,24.1,75.9,Low Priority
70,1,17.0,0.067,1.278,2.056,0.778,13,2,13,6,6.3,31,14,7,71.8,51.2,3.7,3.6,0,1,43.7,56.3,Medium Priority
58,1,15.0,-0.048,1.219,1.648,0.429,0,3,10,6,7.4,55,16,4,63.7,65.0,3.7,3.1,0,0,18.6,81.4,Low Priority
46,2,20.0,0.436,1.157,1.67,0.513,1,3,10,5,5.9,71,11,5,69.0,58.3,3.3,5.1,0,1,30.0,70.0,Low Priority
45,2,15.0,-0.314,1.314,1.47,0.156,0,3,4,5,7.0,16,7,7,61.6,59.0,3.9,4.0,0,0,13.5,86.5,Low Priority
51,2,19.0,0.55,1.309,2.073,0.764,0,3,17,6,7.3,5,9,7,70.0,52.3,4.4,2.4,0,0,22.3,77.7,Low Priority
64,2,20.0,0.378,1.375,1.44,0.065,0,3,12,6,7.3,19,2,10,69.4,68.4,3.8,1.9,0,1,16.4,83.6,Low Priority
70,2,20.0,0.014,1.297,1.935,0.638,60,2,10,6,3.5,153,98,12,87.3,42.9,2.1,4.7,0,2,76.4,23.6,Immediate Priority
68,2,20.0,0.501,1.296,1.931,0.635,2,3,12,3,6.1,110,120,6,71.5,43.0,2.2,6.3,0,1,57.3,42.7,High Priority
52,1,21.0,1.12,1.148,1.273,0.125,2,3,17,4,6.6,39,39,11,72.3,58.9,3.5,4.4,0,0,32.1,67.9,Low Priority
81,1,19.0,0.105,1.545,2.51,0.965,0,3,7,6,5.9,115,82,9,80.9,52.2,3.0,4.8,0,0,50.8,49.2,Medium Priority
71,1,20.0,0.458,1.345,1.812,0.468,0,2,18,5,7.6,36,9,12,71.1,61.7,3.9,3.0,0,1,28.1,71.9,Low Priority
64,2,20.0,0.876,1.287,1.874,0.588,0,3,19,6,5.5,148,104,8,75.7,47.8,2.6,3.3,0,2,59.6,40.4,High Priority
66,2,16.0,0.427,1.154,1.123,-0.032,0,2,21,6,7.5,30,31,6,66.2,67.0,4.0,3.0,0,2,19.2,80.8,Low Priority
59,2,12.0,-0.363,1.019,2.023,1.003,0,3,11,5,5.8,24,3,5,75.6,62.7,3.4,1.6,0,1,30.5,69.5,Low Priority
50,1,17.0,-1.372,1.629,1.683,0.054,1,0,9,5,6.1,65,6,12,66.5,56.6,4.4,4.0,0,1,25.0,75.0,Low Priority
55,2,18.0,0.3,1.455,2.148,0.693,1,3,11,6,5.2,16,16,3,78.0,44.9,3.4,4.2,0,1,37.1,62.9,Low Priority
72,2,20.0,0.58,0.952,1.071,0.119,0,3,10,5,6.8,68,2,7,66.6,55.6,2.7,2.7,0,0,27.5,72.5,Low Priority
37,2,21.0,0.115,1.503,1.729,0.226,0,3,8,6,7.6,19,16,2,61.3,57.6,3.4,3.2,0,1,21.2,78.8,Low Priority
44,2,16.0,-0.523,1.54,2.166,0.626,0,3,14,6,6.6,53,2,9,67.2,52.5,3.8,4.8,0,0,30.4,69.6,Low Priority
40,1,15.0,-0.095,1.356,2.05,0.694,0,3,12,5,5.8,32,12,7,79.1,45.9,3.1,3.4,0,0,40.5,59.5,Medium Priority
39,2,22.0,0.287,1.696,1.737,0.041,4,3,18,6,7.0,14,13,8,62.2,68.5,3.5,2.2,0,1,22.8,77.2,Low Priority
76,1,15.0,-0.698,1.377,2.089,0.712,1,3,4,5,7.2,197,180,10,74.5,47.7,1.8,6.5,0,1,68.3,31.7,High Priority
70,1,19.0,0.797,1.0,1.698,0.699,2,3,14,5,6.7,55,12,8,72.7,55.7,3.5,4.7,0,1,41.2,58.8,Medium Priority
61,2,19.0,0.547,1.411,1.547,0.136,0,3,16,5,8.1,41,12,7,63.6,63.3,4.1,3.6,0,1,21.3,78.7,Low Priority
43,2,19.0,0.019,1.384,2.24,0.856,0,2,16,6,6.9,109,52,5,66.9,44.9,3.5,4.7,0,0,43.9,56.1,Medium Priority
62,2,14.0,0.065,1.188,1.176,-0.012,0,3,19,6,7.5,153,88,10,67.6,62.8,2.8,6.9,0,1,45.7,54.3,Medium Priority
61,2,13.0,-0.564,1.459,1.684,0.225,3,3,16,6,6.0,22,22,4,66.3,45.9,3.6,3.6,0,2,29.6,70.4,Low Priority
46,2,15.0,0.36,0.942,1.48,0.538,2,3,20,6,7.1,91,93,6,71.9,56.7,2.7,2.9,0,1,52.4,47.6,Medium Priority
59,2,19.0,0.091,1.556,1.715,0.16,0,3,10,6,6.9,15,18,6,78.8,49.3,3.8,3.6,0,0,25.9,74.1,Low Priority
57,2,19.0,0.431,1.124,1.601,0.477,0,3,13,6,7.1,16,9,8,64.8,58.4,4.0,4.0,0,0,17.6,82.4,Low Priority
66,1,16.0,-0.589,1.099,1.57,0.47,0,2,2,6,6.4,74,17,9,64.7,63.9,3.1,2.5,0,1,32.1,67.9,Low Priority
67,1,20.0,-0.587,1.301,1.65,0.349,1,2,0,6,6.8,86,42,8,78.2,48.4,2.9,1.5,0,3,45.4,54.6,Medium Priority
40,1,21.0,0.308,1.427,2.065,0.638,5,2,9,5,5.7,36,20,6,78.5,52.3,3.5,2.0,0,0,37.0,63.0,Low Priority
56,2,13.0,-0.605,1.365,1.702,0.337,1,3,6,5,5.4,79,50,6,76.8,54.4,2.7,4.0,0,0,40.9,59.1,Medium Priority
67,1,19.0,0.503,1.155,1.623,0.468,1,3,9,6,7.3,77,12,7,62.1,63.1,3.8,5.3,0,1,29.0,71.0,Low Priority
62,1,20.0,0.64,1.21,1.938,0.728,0,3,8,6,5.7,131,54,8,81.7,51.4,3.4,4.1,0,1,49.5,50.5,Medium Priority
76,1,17.0,-0.193,1.065,1.692,0.627,0,3,4,6,6.8,55,19,10,74.8,60.8,3.8,4.3,0,1,39.1,60.9,Low Priority
68,2,17.0,-0.197,1.275,1.9,0.625,0,1,20,6,6.8,5,27,7,72.2,53.9,3.1,1.0,0,1,29.2,70.8,Low Priority
45,1,20.0,-0.633,1.575,1.651,0.076,0,3,0,6,7.0,73,36,8,60.5,67.3,3.4,4.2,0,0,21.1,78.9,Low Priority
41,2,21.0,1.355,1.326,1.877,0.551,1,3,16,6,6.4,105,52,5,74.2,45.6,3.1,4.1,0,1,49.5,50.5,Medium Priority
67,1,21.0,0.204,1.526,1.678,0.153,1,3,8,6,6.9,47,12,7,74.9,64.9,4.0,6.0,0,0,24.9,75.1,Low Priority
38,2,19.0,0.552,1.663,1.701,0.038,0,3,20,6,7.0,129,81,12,71.7,55.0,3.9,2.8,0,2,42.5,57.5,Medium Priority
65,1,20.0,0.591,1.191,1.573,0.382,2,3,19,6,7.1,95,57,3,67.4,59.8,3.1,4.4,0,1,35.5,64.5,Low Priority
80,1,18.0,0.547,1.284,1.429,0.145,0,3,15,6,8.0,11,12,6,63.0,67.6,4.0,1.0,0,0,12.4,87.6,Low Priority
65,2,20.0,0.498,1.829,2.455,0.627,0,3,15,5,6.4,172,165,7,80.2,45.2,2.8,5.3,0,4,71.9,28.1,Immediate Priority
57,1,19.0,-1.021,1.661,2.294,0.633,0,1,0,6,6.4,70,49,5,70.4,48.3,3.1,1.9,0,1,37.7,62.3,Low Priority
68,1,16.0,0.275,0.941,0.802,-0.138,0,2,24,6,6.8,83,27,8,68.1,59.6,3.8,6.9,0,1,32.6,67.4,Low Priority
60,1,20.0,0.616,1.416,1.583,0.167,0,3,19,6,7.1,17,7,4,72.7,53.3,3.9,2.4,0,0,23.3,76.7,Low Priority
64,1,19.0,0.15,1.327,1.315,-0.013,0,3,19,5,7.4,75,34,7,72.9,59.0,3.2,3.7,0,0,32.5,67.5,Low Priority
80,1,18.0,0.138,1.518,1.789,0.271,0,3,15,5,6.6,45,8,8,64.2,59.7,3.7,3.3,0,1,21.3,78.7,Low Priority
57,1,22.0,2.353,1.155,1.686,0.531,12,8,11,6,6.1,94,25,7,79.2,58.7,4.2,3.0,0,1,40.9,59.1,Medium Priority
81,2,11.0,-0.244,1.133,1.466,0.333,0,3,19,5,6.7,51,23,12,71.6,60.6,3.6,4.8,0,0,33.3,66.7,Low Priority
78,2,17.0,-0.491,1.171,1.405,0.235,0,1,10,6,7.3,43,57,9,71.3,49.3,4.0,4.1,0,0,28.8,71.2,Low Priority
47,2,13.0,-0.174,1.195,1.966,0.771,0,3,13,6,7.1,55,9,6,71.6,56.3,3.0,4.7,0,0,35.5,64.5,Low Priority
41,1,21.0,0.283,1.515,1.263,-0.253,1,3,6,6,7.5,160,77,11,65.1,54.2,3.5,4.2,0,2,48.8,51.2,Medium Priority
43,2,20.0,0.387,1.054,1.807,0.753,0,2,20,5,6.8,64,17,8,69.3,51.3,3.4,5.1,0,1,33.0,67.0,Low Priority
38,1,17.0,0.008,1.183,1.431,0.247,2,3,7,6,6.1,36,26,3,73.7,52.5,3.0,4.4,0,2,36.6,63.4,Low Priority
43,1,20.0,1.166,0.914,1.294,0.38,0,3,9,6,6.6,68,66,13,65.5,55.6,3.9,3.6,0,2,39.6,60.4,Low Priority
69,2,18.0,-0.238,1.56,1.812,0.252,0,3,13,6,7.0,50,44,6,63.8,63.7,3.3,4.6,0,0,24.8,75.2,Low Priority
41,1,20.0,0.329,1.621,2.461,0.84,1,3,16,6,7.7,96,16,7,69.9,53.5,3.8,4.7,0,0,36.0,64.0,Low Priority
54,1,18.0,0.447,1.251,1.304,0.052,0,2,14,6,6.8,42,21,6,64.3,54.0,3.8,1.4,0,3,29.6,70.4,Low Priority
75,2,18.0,0.351,1.258,1.664,0.405,0,3,9,5,7.1,29,16,8,70.5,56.4,2.9,2.9,0,2,36.9,63.1,Low Priority
38,2,22.0,0.017,1.432,1.983,0.552,0,3,0,3,6.3,66,40,8,70.6,55.4,3.8,3.2,0,0,29.5,70.5,Low Priority
74,2,17.0,-0.028,1.668,1.612,-0.056,1,3,16,6,6.1,40,18,5,70.6,62.7,4.2,3.4,0,1,28.0,72.0,Low Priority
52,2,15.0,-0.064,1.421,1.562,0.141,0,2,24,5,6.4,127,58,9,72.5,54.1,3.6,6.3,0,1,38.0,62.0,Low Priority
44,2,19.0,0.506,1.166,1.526,0.36,0,3,17,6,5.6,43,39,7,70.0,46.3,3.4,1.4,0,0,25.4,74.6,Low Priority
70,1,22.0,0.722,0.953,1.103,0.15,9,2,12,6,7.2,66,7,12,64.8,56.7,3.8,3.3,0,3,38.6,61.4,Low Priority
67,1,18.0,0.36,1.069,1.24,0.17,0,2,19,6,5.7,49,16,6,67.5,57.7,3.0,2.5,0,1,26.8,73.2,Low Priority
77,1,13.0,-0.466,1.344,1.647,0.303,2,3,11,5,6.5,71,11,5,68.0,63.0,4.0,3.0,0,1,26.8,73.2,Low Priority
71,1,17.0,-0.191,1.176,1.762,0.586,2,2,13,6,5.9,91,22,5,69.7,63.8,3.7,3.3,0,1,32.5,67.5,Low Priority
74,1,19.0,0.021,1.372,1.677,0.305,0,3,12,6,6.2,64,32,4,69.0,49.6,3.5,3.9,0,2,33.1,66.9,Low Priority
52,2,16.0,-0.235,1.199,1.908,0.708,0,2,12,5,7.5,53,31,2,73.4,59.3,3.8,4.2,0,0,28.6,71.4,Low Priority
46,2,20.0,1.155,1.083,1.201,0.119,0,3,16,5,7.2,94,63,11,64.2,52.8,3.6,4.8,0,0,32.5,67.5,Low Priority
72,2,22.0,0.705,1.055,1.102,0.046,1,2,13,6,6.5,36,9,9,65.9,55.9,3.5,3.4,0,0,26.3,73.7,Low Priority
74,1,18.0,-1.101,1.688,2.637,0.949,1,0,10,4,5.8,119,131,15,83.2,37.3,3.3,5.6,0,1,67.6,32.4,High Priority
83,2,18.0,-0.234,1.532,1.747,0.215,2,2,9,6,6.1,86,18,10,60.2,54.3,3.3,7.1,0,1,36.5,63.5,Low Priority
58,2,18.0,-0.507,1.727,1.756,0.03,4,3,4,3,6.4,52,16,8,77.0,52.5,3.3,3.7,0,1,38.8,61.2,Low Priority
56,2,15.0,0.161,1.452,1.359,-0.093,1,3,14,6,7.0,52,52,15,73.9,70.0,3.9,4.8,0,0,34.7,65.3,Low Priority
73,1,21.0,0.253,1.228,1.935,0.707,0,2,9,6,7.8,51,73,5,64.8,53.7,3.4,4.7,0,0,31.8,68.2,Low Priority
55,2,18.0,-0.094,1.633,1.938,0.305,0,3,8,6,5.5,5,21,9,62.1,57.8,3.2,4.7,0,0,19.2,80.8,Low Priority
79,1,18.0,0.166,1.319,1.649,0.33,2,3,15,6,6.6,110,61,5,70.9,51.2,3.8,5.4,0,1,39.8,60.2,Low Priority
76,1,20.0,0.617,1.378,1.735,0.357,0,3,15,6,6.5,110,96,10,68.0,62.3,3.3,3.7,0,2,42.2,57.8,Medium Priority
59,1,18.0,0.414,1.317,2.007,0.69,0,3,16,5,7.1,83,65,11,77.3,56.1,3.7,4.5,0,2,47.9,52.1,Medium Priority
72,2,20.0,1.059,0.646,0.997,0.351,1,3,13,5,7.3,43,1,6,67.0,68.3,3.5,3.7,0,1,28.2,71.8,Low Priority
72,2,13.0,-1.131,1.698,2.765,1.068,0,1,19,6,6.5,96,79,12,76.3,45.2,3.0,5.4,0,0,58.1,41.9,High Priority
43,1,21.0,0.7,1.44,1.88,0.44,3,3,21,6,6.6,110,67,7,68.5,58.0,2.9,3.7,0,2,49.6,50.4,Medium Priority
78,1,22.0,0.881,1.403,2.107,0.704,1,3,17,6,5.9,81,49,12,82.8,52.9,3.1,5.6,0,0,46.3,53.7,Medium Priority
62,2,20.0,0.659,1.313,1.943,0.631,0,3,14,6,7.3,91,64,10,75.8,53.5,3.5,4.3,0,1,43.8,56.2,Medium Priority
75,1,22.0,0.275,1.365,1.756,0.392,5,2,10,6,6.8,164,174,6,79.7,40.2,2.4,6.8,0,2,68.5,31.5,High Priority
54,1,15.0,0.195,1.189,1.424,0.235,0,2,24,6,7.5,34,25,6,71.6,59.8,4.0,3.6,0,1,24.8,75.2,Low Priority
78,1,19.0,0.105,1.469,1.966,0.496,0,3,10,6,7.4,48,3,11,60.6,58.6,4.2,3.6,0,1,22.5,77.5,Low Priority
57,2,19.0,0.437,1.025,1.572,0.547,0,3,8,6,7.1,39,27,11,76.7,63.4,4.0,3.6,0,1,24.9,75.1,Low Priority
37,1,19.0,0.238,1.37,1.609,0.239,0,3,12,6,7.7,62,2,5,63.0,61.7,3.5,4.5,0,1,31.2,68.8,Low Priority
78,1,18.0,-0.198,1.457,1.906,0.449,0,3,5,6,6.9,103,15,7,68.8,48.3,4.6,6.9,0,0,32.7,67.3,Low Priority
42,1,17.0,0.252,1.281,2.034,0.753,0,0,23,6,6.4,85,39,11,72.7,57.3,3.4,1.8,0,0,30.1,69.9,Low Priority
54,2,15.0,-0.394,1.413,2.403,0.99,0,2,14,5,6.3,83,16,8,63.9,60.6,3.9,4.8,0,0,30.4,69.6,Low Priority
81,2,18.0,0.558,1.098,1.743,0.645,0,3,13,6,6.7,100,52,8,77.7,46.8,2.4,4.6,0,1,56.2,43.8,High Priority
81,2,16.0,0.341,1.104,2.035,0.931,2,3,15,5,6.1,93,77,9,68.5,59.0,2.9,4.1,0,0,50.3,49.7,Medium Priority
65,1,20.0,0.063,1.382,1.605,0.223,2,2,12,6,7.6,59,24,11,61.3,67.9,3.2,1.0,0,1,27.4,72.6,Low Priority
67,2,16.0,-0.256,1.484,2.085,0.601,0,3,4,5,6.7,183,103,11,74.5,46.5,2.5,6.9,0,1,63.7,36.3,High Priority
60,1,13.0,-0.038,0.894,1.676,0.782,0,3,14,5,6.8,19,3,10,61.4,54.1,3.7,2.7,0,1,29.8,70.2,Low Priority
53,2,19.0,-0.013,1.448,1.595,0.147,0,1,15,6,7.1,86,82,15,65.8,59.7,3.0,3.2,0,1,38.2,61.8,Low Priority
54,2,19.0,0.317,1.202,1.466,0.264,0,3,11,6,8.5,80,79,10,67.6,53.0,4.1,4.2,0,0,34.9,65.1,Low Priority
68,2,21.0,0.572,1.282,2.178,0.896,2,3,16,6,5.6,41,17,4,72.8,49.4,4.1,3.0,0,1,37.4,62.6,Low Priority
72,2,19.0,0.259,1.018,1.143,0.125,1,2,9,6,6.5,19,15,2,67.1,53.3,3.2,1.0,0,0,17.4,82.6,Low Priority
73,2,17.0,-0.105,1.13,1.151,0.021,0,3,9,6,6.3,87,16,4,64.9,59.0,3.3,4.3,0,0,30.4,69.6,Low Priority
73,1,21.0,0.32,1.55,2.386,0.836,0,3,8,5,6.2,110,75,9,76.4,56.4,2.6,5.4,0,0,46.8,53.2,Medium Priority
42,2,19.0,0.03,1.335,2.076,0.742,0,3,11,6,6.7,134,80,10,73.7,53.3,3.5,4.5,0,0,45.1,54.9,Medium Priority
62,1,14.0,-0.057,1.239,1.763,0.525,1,3,18,6,6.4,40,18,5,65.0,61.8,3.6,3.6,0,0,24.6,75.4,Low Priority
41,2,19.0,0.253,1.3,1.689,0.389,0,3,17,6,6.4,41,40,8,69.1,53.7,3.4,3.4,0,2,37.7,62.3,Low Priority
64,1,22.0,0.84,1.44,1.717,0.277,12,2,11,6,5.9,5,6,14,63.9,56.7,3.7,3.9,0,3,38.9,61.1,Low Priority
60,1,18.0,-0.148,1.429,1.911,0.482,2,3,14,6,6.2,35,28,6,74.0,48.5,3.2,3.1,0,2,40.0,60.0,Medium Priority
77,1,17.0,0.203,1.31,2.16,0.851,0,3,15,6,6.7,218,180,7,79.5,42.6,2.0,7.8,1,3,84.6,15.4,Immediate Priority
55,1,15.0,-0.294,1.579,2.049,0.47,1,3,9,6,7.1,49,7,6,77.4,55.2,3.8,3.1,0,1,36.3,63.7,Low Priority
44,2,15.0,-0.331,1.551,2.569,1.017,3,3,8,6,6.4,177,132,11,83.4,43.7,2.4,8.4,1,3,89.6,10.4,Immediate Priority
44,2,18.0,0.163,1.422,1.569,0.147,1,1,23,6,7.3,70,78,6,69.3,54.5,3.4,3.4,0,1,33.6,66.4,Low Priority
72,1,19.0,0.321,1.34,1.736,0.396,0,3,14,6,7.4,190,161,6,77.2,47.1,2.0,5.5,0,1,62.6,37.4,High Priority
66,1,14.0,0.309,1.479,1.775,0.296,0,3,24,5,6.9,12,8,6,57.4,69.6,3.8,2.6,0,2,21.5,78.5,Low Priority
43,2,22.0,0.453,1.4,1.493,0.094,2,2,10,6,6.6,50,10,5,72.0,68.1,3.4,2.6,0,1,24.9,75.1,Low Priority
42,1,20.0,0.391,1.572,1.931,0.359,1,3,15,6,6.1,41,0,4,64.9,63.6,3.7,1.8,0,0,14.1,85.9,Low Priority
70,2,19.0,0.064,1.535,2.055,0.521,1,3,9,5,6.2,58,58,9,75.5,60.9,3.5,4.5,0,0,35.6,64.4,Low Priority
41,2,21.0,0.589,1.092,1.643,0.551,3,3,9,6,6.2,100,46,11,71.1,61.6,3.1,1.0,0,1,41.4,58.6,Medium Priority
74,2,14.0,-0.512,1.076,2.095,1.018,3,2,13,6,6.7,96,8,11,68.0,57.2,4.1,3.6,0,0,40.7,59.3,Medium Priority
70,2,19.0,0.623,1.165,1.699,0.534,3,3,10,6,6.7,120,70,6,73.6,53.3,2.6,3.3,0,0,43.7,56.3,Medium Priority
42,1,20.0,0.07,1.552,2.281,0.729,0,2,8,6,6.8,40,15,7,71.2,57.5,4.3,3.5,0,1,29.8,70.2,Low Priority
42,2,21.0,0.306,0.963,1.384,0.421,1,2,9,6,6.2,28,6,11,68.6,57.5,4.1,1.0,0,2,31.1,68.9,Low Priority
83,1,21.0,0.136,1.418,2.297,0.879,1,3,4,5,7.2,48,24,3,70.4,51.5,3.3,4.1,0,1,34.3,65.7,Low Priority
56,1,17.0,-0.471,1.411,2.494,1.083,1,1,15,6,5.9,14,4,6,65.4,55.0,3.1,3.6,0,2,34.9,65.1,Low Priority
56,2,22.0,-0.104,1.596,2.148,0.553,1,1,12,6,5.8,49,13,9,84.3,45.7,2.8,1.5,0,1,37.3,62.7,Low Priority
74,1,15.0,-1.281,1.369,1.489,0.12,0,0,6,6,6.6,21,20,4,69.3,59.1,3.7,3.1,0,0,22.6,77.4,Low Priority
81,2,21.0,0.586,1.017,1.263,0.246,2,2,8,5,8.4,67,85,12,69.3,54.7,3.4,4.5,0,0,41.8,58.2,Medium Priority
82,2,22.0,-0.062,1.105,1.587,0.482,1,1,6,6,6.5,105,70,12,70.0,53.3,2.9,5.7,0,1,48.5,51.5,Medium Priority
72,2,16.0,1.477,1.054,1.586,0.532,0,8,14,6,6.6,56,26,8,68.2,58.6,3.3,1.9,0,1,26.8,73.2,Low Priority
56,2,20.0,0.278,1.203,1.803,0.6,0,2,6,6,6.6,73,58,4,74.8,52.2,4.0,2.0,0,2,39.7,60.3,Low Priority
42,1,13.0,-0.608,1.285,1.817,0.533,0,2,16,6,6.6,34,37,12,74.1,47.5,2.9,5.0,0,2,43.7,56.3,Medium Priority
73,1,18.0,-0.467,1.058,1.462,0.404,0,2,3,6,6.4,55,18,9,74.5,52.2,3.5,2.6,0,1,25.9,74.1,Low Priority
64,2,19.0,-0.195,1.667,1.888,0.221,0,3,9,6,6.7,63,58,7,79.6,56.4,3.3,3.1,0,2,42.6,57.4,Medium Priority
59,1,19.0,0.795,1.021,1.537,0.516,0,3,19,6,7.5,77,51,8,77.8,55.8,3.5,4.8,0,1,44.8,55.2,Medium Priority
78,2,22.0,0.852,1.638,2.567,0.929,1,3,15,6,6.3,117,43,3,66.0,54.2,3.2,3.4,0,0,43.0,57.0,Medium Priority
43,2,20.0,0.149,1.601,2.292,0.692,1,3,6,5,5.7,89,43,7,73.8,50.3,3.0,4.0,0,0,38.8,61.2,Low Priority
62,2,19.0,0.566,1.535,2.088,0.554,1,3,17,6,6.2,46,51,2,76.2,51.3,3.5,4.5,0,0,29.6,70.4,Low Priority
37,1,21.0,0.868,1.167,1.861,0.694,2,3,12,6,6.2,19,21,3,71.3,57.2,3.4,1.2,0,1,28.1,71.9,Low Priority
61,1,22.0,0.774,1.406,1.703,0.297,0,2,18,6,6.8,124,91,10,71.9,49.1,3.8,4.4,0,2,49.4,50.6,Medium Priority
41,1,12.0,-0.361,1.032,1.29,0.258,0,3,14,6,7.8,5,7,7,55.0,66.1,3.6,1.2,0,0,9.8,90.2,Low Priority
44,1,22.0,0.589,1.537,1.727,0.19,2,3,15,6,6.5,75,96,9,77.3,48.9,3.3,3.1,0,2,43.6,56.4,Medium Priority
44,2,14.0,0.068,1.31,1.676,0.366,0,3,26,6,6.7,61,18,13,59.4,70.8,2.9,5.1,0,1,33.1,66.9,Low Priority
68,1,21.0,0.208,1.232,1.515,0.282,11,2,9,6,7.1,44,6,10,59.1,55.2,3.5,5.1,0,0,30.8,69.2,Low Priority
71,1,17.0,0.527,1.044,1.789,0.745,2,3,14,6,7.1,82,41,7,67.2,55.2,3.2,4.4,0,0,40.6,59.4,Medium Priority
65,1,15.0,-0.217,0.755,1.022,0.267,0,1,12,6,7.5,57,21,5,65.4,61.5,3.3,4.3,0,0,25.1,74.9,Low Priority
81,2,18.0,0.063,1.087,1.261,0.174,11,2,4,6,7.3,104,76,9,62.4,50.3,3.4,5.2,0,2,48.2,51.8,Medium Priority
56,2,20.0,-0.41,1.584,2.538,0.954,0,3,2,6,6.6,38,25,8,67.5,57.2,3.4,2.5,0,0,29.7,70.3,Low Priority
53,1,18.0,0.171,1.234,1.508,0.274,0,3,7,6,5.7,91,49,7,77.8,50.9,2.2,4.6,0,0,43.2,56.8,Medium Priority
76,1,13.0,-0.57,1.288,1.733,0.446,1,3,14,6,7.2,84,16,8,66.0,47.6,4.4,2.6,0,1,30.6,69.4,Low Priority
49,1,19.0,0.283,1.478,2.009,0.53,0,3,14,5,5.6,27,10,7,75.9,57.4,3.5,1.9,0,1,26.3,73.7,Low Priority
81,1,21.0,0.115,1.744,1.823,0.079,4,2,13,6,6.6,26,22,10,62.8,53.8,3.6,2.9,0,1,31.1,68.9,Low Priority
37,2,18.0,-0.715,1.633,2.386,0.753,0,2,4,6,5.3,43,42,5,76.5,48.4,3.5,2.1,0,0,38.3,61.7,Low Priority
82,2,16.0,-0.31,1.102,1.685,0.583,1,1,12,6,6.4,56,48,4,73.4,58.1,3.6,2.1,0,0,29.5,70.5,Low Priority
40,1,18.0,0.429,0.878,1.723,0.845,1,2,20,5,6.4,73,38,10,69.7,53.7,3.3,3.1,0,0,43.9,56.1,Medium Priority
77,1,13.0,-1.557,1.872,2.081,0.209,1,2,11,6,6.0,156,180,14,79.4,39.4,1.1,7.0,0,3,80.4,19.6,Immediate Priority
63,2,21.0,0.026,1.851,2.281,0.43,0,2,14,4,6.2,92,52,13,62.8,63.7,3.4,6.2,0,0,35.4,64.6,Low Priority
83,1,21.0,1.037,1.371,1.784,0.413,0,3,16,6,7.3,166,120,10,74.3,40.8,2.7,5.8,0,1,63.2,36.8,High Priority
41,2,19.0,-0.303,1.034,1.51,0.477,2,0,16,6,6.3,5,5,4,66.5,52.0,4.0,3.3,0,1,28.1,71.9,Low Priority
64,1,18.0,0.282,1.55,1.538,-0.011,0,3,13,6,7.2,7,2,4,64.4,56.0,3.6,2.0,0,2,18.5,81.5,Low Priority
82,2,21.0,0.836,1.302,1.736,0.433,2,3,18,5,6.0,47,16,9,73.6,64.7,3.4,1.0,0,2,35.0,65.0,Low Priority
63,1,19.0,0.031,1.301,1.298,-0.003,1,3,11,5,6.8,32,6,4,68.8,57.7,3.2,2.1,0,0,24.9,75.1,Low Priority
67,2,21.0,0.441,1.534,2.037,0.504,2,3,19,5,6.6,75,33,11,71.2,56.3,3.0,3.6,0,0,37.9,62.1,Low Priority
70,2,20.0,0.257,1.404,1.202,-0.203,1,3,9,6,6.4,58,32,9,64.6,55.5,3.4,3.8,0,0,27.7,72.3,Low Priority
60,1,21.0,0.364,1.053,0.929,-0.124,0,2,10,6,6.4,99,38,2,75.8,61.7,3.3,4.4,0,0,29.0,71.0,Low Priority
67,1,19.0,-0.162,1.252,1.886,0.634,1,3,5,6,6.9,82,61,7,67.5,54.3,3.1,3.8,0,0,36.7,63.3,Low Priority
65,1,18.0,-0.08,1.48,1.726,0.247,3,3,17,6,7.2,164,159,13,77.9,49.4,3.4,5.1,0,1,61.6,38.4,High Priority
78,1,22.0,0.102,1.445,1.566,0.121,0,2,11,6,6.8,97,94,12,65.0,59.2,3.3,4.9,0,2,39.0,61.0,Low Priority
40,1,19.0,-0.373,1.388,2.15,0.763,8,1,9,6,5.6,53,5,2,77.9,55.8,3.4,1.9,0,0,37.0,63.0,Low Priority
52,1,19.0,0.008,1.543,2.038,0.495,0,3,9,5,6.7,48,18,7,72.6,52.8,2.5,4.4,0,2,41.7,58.3,Medium Priority
81,2,16.0,0.193,1.243,1.893,0.65,0,3,19,5,6.7,58,13,6,62.6,59.1,4.0,3.0,0,1,27.0,73.0,Low Priority
77,2,20.0,0.645,1.368,1.723,0.355,0,3,17,6,6.9,53,8,4,68.8,71.4,5.0,6.0,0,3,24.4,75.6,Low Priority
60,1,19.0,1.193,0.6,1.763,1.163,5,3,13,6,4.8,14,35,5,79.4,53.1,3.1,2.4,0,2,45.8,54.2,Medium Priority
66,2,16.0,-0.088,1.223,1.453,0.23,0,2,14,5,6.3,37,36,5,73.4,56.9,3.0,2.7,0,0,31.1,68.9,Low Priority
52,1,13.0,-0.611,1.503,2.401,0.897,3,3,12,5,5.6,15,11,5,75.7,45.4,3.3,2.1,0,2,39.5,60.5,Low Priority
47,2,19.0,0.539,1.237,1.621,0.385,3,3,11,6,6.7,64,55,10,65.9,58.8,2.8,3.2,0,1,41.9,58.1,Medium Priority
61,1,20.0,0.384,1.219,1.151,-0.068,0,2,20,6,7.2,78,59,8,68.0,62.9,3.6,4.8,0,2,31.8,68.2,Low Priority
55,2,19.0,0.279,1.086,1.626,0.539,0,3,7,6,7.2,54,0,9,76.5,62.9,4.5,3.5,0,1,29.6,70.4,Low Priority
65,2,16.0,-0.34,1.559,2.05,0.491,1,3,11,6,6.6,81,22,10,63.4,56.6,3.2,5.3,0,2,41.7,58.3,Medium Priority
42,2,20.0,0.044,1.454,1.557,0.103,0,3,11,5,6.1,121,99,9,76.0,64.2,2.5,5.5,0,2,41.9,58.1,Medium Priority
82,2,14.0,-1.114,1.518,1.658,0.14,2,1,12,6,7.5,56,33,6,71.8,63.8,3.5,3.7,0,0,31.3,68.7,Low Priority
83,1,18.0,0.121,0.928,1.323,0.395,0,3,12,6,7.7,31,19,7,60.6,69.0,3.7,3.6,0,0,22.9,77.1,Low Priority
70,2,16.0,0.395,1.29,1.791,0.501,0,3,13,6,6.0,45,13,6,66.8,56.0,2.9,4.8,0,0,29.0,71.0,Low Priority
64,1,16.0,-0.391,1.262,0.963,-0.3,2,3,7,6,7.2,47,12,9,60.3,62.5,3.6,4.2,0,1,25.8,74.2,Low Priority
53,1,16.0,0.354,1.262,1.963,0.701,0,3,13,6,6.2,54,4,8,73.6,59.8,3.4,3.9,0,1,31.4,68.6,Low Priority
74,1,18.0,-0.076,1.185,1.446,0.262,0,2,9,6,7.0,125,76,11,64.8,54.7,3.7,5.5,0,1,42.4,57.6,Medium Priority
69,2,13.0,-0.412,1.247,1.271,0.024,0,3,8,6,7.6,5,4,9,63.8,63.6,4.3,1.2,0,2,23.4,76.6,Low Priority
45,1,18.0,-0.357,1.523,2.193,0.669,0,3,5,5,7.7,41,15,11,74.5,61.9,4.4,6.4,0,0,23.7,76.3,Low Priority
78,2,19.0,0.067,0.885,1.28,0.395,0,0,16,5,7.5,66,2,7,64.6,60.8,4.2,4.5,0,1,23.9,76.1,Low Priority
74,2,19.0,0.09,1.738,2.485,0.747,2,3,12,6,6.3,87,68,11,72.0,50.7,3.2,5.0,0,0,49.2,50.8,Medium Priority
81,2,18.0,0.307,1.439,1.965,0.526,0,3,14,6,6.4,59,1,6,71.8,57.7,3.3,3.6,0,0,33.2,66.8,Low Priority
71,2,21.0,0.889,1.317,1.719,0.402,0,3,16,6,6.9,38,16,5,67.0,63.4,4.3,1.0,0,0,12.7,87.3,Low Priority
66,1,15.0,-0.597,1.536,1.895,0.359,1,2,15,6,7.4,72,38,5,69.3,54.7,3.6,3.6,0,2,34.5,65.5,Low Priority
59,1,19.0,0.51,0.992,1.531,0.539,0,3,12,5,6.8,24,23,6,78.6,48.7,3.2,3.1,0,0,31.8,68.2,Low Priority
80,1,13.0,-0.66,1.173,1.458,0.285,0,3,11,6,6.4,16,14,9,70.4,56.7,3.1,1.8,0,0,22.9,77.1,Low Priority
76,1,14.0,-0.22,1.299,1.459,0.16,4,3,11,6,5.6,62,14,7,79.9,57.8,2.8,2.7,0,2,43.0,57.0,Medium Priority
40,1,19.0,0.339,1.642,2.218,0.575,1,3,14,6,6.7,123,71,10,76.7,56.4,2.4,4.6,0,2,51.1,48.9,Medium Priority
38,1,19.0,0.648,1.316,1.677,0.361,1,3,12,6,6.8,194,164,7,72.8,43.4,2.7,7.3,0,2,65.9,34.1,High Priority
56,1,21.0,-0.057,1.431,1.842,0.412,1,0,18,6,6.2,18,19,5,79.7,58.5,2.9,4.4,0,0,29.9,70.1,Low Priority
74,2,19.0,0.52,1.191,1.902,0.711,0,3,18,6,7.3,32,1,7,68.3,66.0,3.6,3.3,0,0,23.3,76.7,Low Priority
83,2,22.0,0.094,1.439,1.809,0.37,1,3,8,6,6.4,62,1,12,63.1,61.6,3.7,3.1,0,0,23.4,76.6,Low Priority
45,1,13.0,-0.761,1.714,2.121,0.406,0,3,7,6,6.4,137,64,11,81.9,47.8,3.0,4.8,0,2,56.3,43.7,High Priority
66,2,14.0,-1.065,1.557,1.789,0.232,1,2,14,6,6.6,58,36,11,65.9,52.5,3.0,3.8,0,1,33.0,67.0,Low Priority
56,1,13.0,-0.566,1.308,1.833,0.524,0,3,10,6,6.5,56,68,11,71.6,54.9,3.6,3.9,0,1,41.1,58.9,Medium Priority
82,1,16.0,-0.599,1.483,1.984,0.501,0,3,3,6,6.7,104,53,13,71.0,62.3,2.6,5.1,0,1,43.9,56.1,Medium Priority
75,2,19.0,0.466,1.46,2.118,0.658,0,3,19,6,7.2,130,107,12,76.1,50.9,2.5,4.6,0,1,57.1,42.9,High Priority
75,2,20.0,-0.329,1.444,1.682,0.238,5,1,9,6,5.7,150,97,4,79.7,47.7,2.8,6.1,0,2,63.2,36.8,High Priority
61,1,13.0,-0.587,1.584,1.856,0.272,0,2,20,6,7.0,106,69,12,58.3,47.3,2.9,5.2,0,1,42.8,57.2,Medium Priority
59,2,22.0,0.107,1.582,2.209,0.627,0,3,15,6,6.6,36,29,7,76.6,52.8,3.2,2.7,0,1,36.0,64.0,Low Priority
52,2,21.0,-0.079,1.298,1.771,0.474,0,0,16,6,6.8,47,16,2,65.0,54.6,3.2,1.4,0,1,28.3,71.7,Low Priority
41,2,17.0,-0.669,1.475,1.62,0.145,0,3,8,6,7.3,93,31,4,65.1,59.4,3.7,3.3,0,1,27.2,72.8,Low Priority
76,2,14.0,-1.04,1.239,2.012,0.773,1,0,9,5,6.5,57,31,11,80.4,47.6,3.4,5.5,0,1,45.2,54.8,Medium Priority
74,2,16.0,0.054,1.114,1.033,-0.08,1,3,13,5,7.4,46,42,11,68.4,59.2,3.6,1.4,0,0,25.7,74.3,Low Priority
83,1,15.0,-0.722,1.265,1.889,0.625,0,3,8,6,7.1,5,9,4,71.8,54.1,3.4,4.2,0,1,27.0,73.0,Low Priority
83,1,15.0,-0.412,1.309,1.352,0.043,0,3,10,6,6.7,57,47,5,69.5,61.7,3.0,1.6,0,2,30.3,69.7,Low Priority
64,1,19.0,0.454,0.943,1.881,0.938,1,3,10,6,6.8,46,27,4,75.3,52.4,3.5,2.5,0,3,38.9,61.1,Low Priority
72,2,17.0,-0.028,1.526,1.489,-0.037,0,3,8,5,6.7,93,43,7,76.6,54.1,3.8,3.9,0,1,39.2,60.8,Low Priority
81,2,18.0,0.346,0.688,1.417,0.729,0,2,8,6,6.9,13,12,9,59.5,61.5,4.3,4.9,0,1,20.0,80.0,Low Priority
75,1,22.0,-0.139,1.954,2.333,0.379,0,1,17,6,6.2,93,25,11,74.7,51.0,3.8,4.4,0,1,43.5,56.5,Medium Priority
50,2,20.0,0.217,1.674,1.972,0.298,0,3,8,6,6.9,6,10,5,73.9,69.9,3.9,2.4,0,0,18.2,81.8,Low Priority
60,2,22.0,0.404,1.267,1.721,0.455,0,3,4,6,6.8,181,93,7,74.4,56.9,3.5,5.0,0,1,53.3,46.7,Medium Priority
44,2,15.0,0.045,1.329,1.911,0.581,1,3,14,5,6.8,103,30,6,68.8,56.6,3.0,5.2,0,2,41.5,58.5,Medium Priority
81,2,18.0,0.707,1.397,1.542,0.145,1,3,23,6,6.8,44,11,6,62.1,61.2,3.5,2.8,0,2,19.6,80.4,Low Priority
66,2,19.0,0.096,1.191,1.361,0.17,2,3,10,6,5.8,5,1,6,79.9,46.2,3.7,2.3,0,2,29.0,71.0,Low Priority
49,1,14.0,-0.253,1.371,1.958,0.586,0,3,7,4,6.6,78,50,4,69.5,60.3,3.2,3.6,0,1,42.6,57.4,Medium Priority
68,2,8.0,-2.068,1.294,1.211,-0.083,0,0,14,4,7.1,30,10,4,73.2,64.4,3.6,4.0,0,0,18.9,81.1,Low Priority
66,1,20.0,0.923,1.305,1.541,0.236,0,3,19,5,7.0,178,180,10,78.6,46.3,2.9,7.0,0,2,69.5,30.5,High Priority
55,2,20.0,0.261,1.369,2.634,1.266,11,3,16,5,5.0,71,34,9,86.4,50.3,3.4,2.9,0,1,52.3,47.7,Medium Priority
43,1,18.0,0.654,1.024,1.151,0.127,1,3,14,6,6.3,24,15,10,67.4,62.6,3.2,2.2,0,2,28.7,71.3,Low Priority
68,2,19.0,0.6,1.336,2.064,0.728,1,3,10,6,6.8,60,48,4,65.6,52.5,3.5,2.8,0,0,32.8,67.2,Low Priority
63,2,18.0,0.155,1.365,1.6,0.236,0,3,13,5,6.7,38,14,10,67.8,60.5,3.3,3.5,0,1,36.5,63.5,Low Priority
72,1,12.0,-0.876,1.357,1.903,0.547,0,3,6,6,6.7,92,77,10,68.2,57.8,2.7,5.4,0,1,43.5,56.5,Medium Priority
63,2,17.0,0.351,1.277,1.865,0.588,0,3,15,6,6.5,97,16,5,83.9,59.1,2.9,4.7,0,2,44.3,55.7,Medium Priority
76,2,16.0,-1.026,1.59,2.312,0.723,1,0,16,6,6.3,196,180,12,85.1,40.1,2.1,3.8,0,5,82.8,17.2,Immediate Priority
64,2,14.0,-0.03,1.245,1.59,0.345,4,1,22,4,6.2,82,41,7,74.1,56.6,2.6,5.1,0,0,41.5,58.5,Medium Priority
64,2,22.0,0.564,1.38,2.346,0.967,8,3,9,5,5.2,116,83,9,83.2,52.2,2.9,3.2,0,0,60.5,39.5,High Priority
77,2,19.0,-0.368,1.627,1.861,0.235,1,3,3,6,6.9,41,3,8,63.4,63.0,4.2,2.5,0,3,25.5,74.5,Low Priority
58,1,20.0,0.389,1.309,1.777,0.469,0,3,13,5,6.4,59,19,3,68.4,50.7,3.8,3.9,0,1,28.1,71.9,Low Priority
44,1,17.0,-0.599,1.377,1.848,0.472,4,1,15,6,6.4,112,60,7,71.6,56.2,3.1,4.6,0,1,49.6,50.4,Medium Priority
38,1,18.0,0.007,1.305,1.388,0.083,1,2,17,6,7.1,83,47,5,77.2,60.5,4.1,5.2,0,1,35.2,64.8,Low Priority
72,2,16.0,-0.537,1.613,1.934,0.321,0,3,8,6,6.3,44,9,6,63.4,62.2,3.6,2.6,0,1,24.7,75.3,Low Priority
66,1,14.0,-0.475,1.267,1.715,0.448,0,3,9,5,6.0,50,19,5,66.6,55.9,3.0,2.3,0,0,32.0,68.0,Low Priority
70,2,16.0,-0.408,1.623,1.903,0.279,0,3,13,6,8.1,39,13,9,62.1,60.2,4.0,2.9,0,2,23.1,76.9,Low Priority
48,2,21.0,0.926,1.303,2.398,1.095,0,3,10,6,6.0,49,42,4,71.7,44.3,4.1,4.7,0,1,37.6,62.4,Low Priority
44,2,20.0,-0.187,1.128,1.292,0.164,0,0,18,6,7.4,47,19,5,59.5,58.2,3.3,4.2,0,1,20.4,79.6,Low Priority
37,2,19.0,0.209,1.484,2.221,0.737,1,3,12,6,7.5,52,16,3,56.8,64.8,3.3,3.6,0,0,25.5,74.5,Low Priority
55,2,19.0,0.695,1.257,1.902,0.645,0,3,17,6,7.1,50,10,10,61.6,60.1,4.1,5.1,0,1,25.5,74.5,Low Priority
66,1,22.0,0.495,1.47,1.868,0.398,0,2,14,6,6.5,57,23,5,73.8,55.7,3.5,5.0,0,0,32.5,67.5,Low Priority
57,2,14.0,0.385,0.697,0.853,0.156,0,3,16,6,7.2,33,9,8,65.9,70.3,3.6,4.1,0,2,29.0,71.0,Low Priority
59,2,17.0,-0.341,1.328,1.512,0.184,2,2,10,6,6.2,175,147,9,80.8,52.3,1.9,4.6,0,3,68.7,31.3,High Priority
78,2,18.0,0.017,1.221,1.476,0.255,1,1,17,4,7.3,23,7,7,62.8,58.2,3.1,3.9,0,0,22.1,77.9,Low Priority
55,2,21.0,0.474,1.081,0.976,-0.105,0,2,10,6,7.5,147,110,18,70.7,62.2,2.5,5.2,0,1,54.7,45.3,Medium Priority
63,1,22.0,0.512,1.199,1.316,0.117,4,2,13,6,6.4,49,25,6,76.5,49.6,4.2,3.0,0,1,37.5,62.5,Low Priority
73,1,17.0,-0.252,1.194,1.175,-0.019,3,3,9,6,6.2,55,21,5,76.5,60.6,3.4,2.8,0,1,34.5,65.5,Low Priority
57,2,21.0,0.482,1.316,2.1,0.784,0,3,12,4,5.7,66,11,6,78.0,55.6,2.7,3.6,0,2,42.1,57.9,Medium Priority
67,1,21.0,0.53,1.011,1.589,0.578,0,3,10,6,7.4,57,45,10,71.9,64.3,4.1,2.9,0,0,24.2,75.8,Low Priority
76,2,16.0,-0.376,1.4,2.025,0.625,1,3,9,6,6.6,96,52,5,76.2,55.4,3.7,4.6,0,3,45.1,54.9,Medium Priority
81,2,18.0,0.046,1.643,2.212,0.569,2,2,22,5,6.4,58,28,9,74.5,53.0,3.9,3.5,0,2,37.5,62.5,Low Priority
45,1,18.0,-0.787,1.392,1.841,0.449,8,0,8,6,5.5,82,2,5,69.5,54.2,3.1,4.4,0,1,43.5,56.5,Medium Priority
79,2,22.0,1.045,1.514,2.331,0.817,3,3,16,6,5.3,136,112,10,79.3,56.8,2.5,5.9,0,1,63.9,36.1,High Priority
62,1,16.0,0.094,1.58,1.808,0.229,1,3,24,6,7.2,223,176,15,81.1,46.9,2.5,6.6,0,3,72.7,27.3,Immediate Priority
51,2,21.0,-0.164,1.613,2.045,0.432,1,2,3,6,6.5,55,25,13,63.1,58.4,4.0,2.7,0,1,28.0,72.0,Low Priority
61,2,17.0,-0.127,1.759,2.373,0.614,0,3,15,5,6.9,37,42,7,79.0,43.9,3.2,1.0,0,1,40.4,59.6,Medium Priority
82,2,20.0,0.68,1.212,1.238,0.027,0,3,9,6,6.8,42,26,8,66.9,55.4,3.3,4.3,0,1,27.8,72.2,Low Priority
62,1,18.0,0.13,1.161,2.442,1.281,0,3,4,6,6.2,69,17,4,66.9,56.0,3.8,4.0,0,0,30.6,69.4,Low Priority
54,2,19.0,-0.083,1.508,1.918,0.41,1,3,11,6,7.0,22,3,6,63.8,51.1,4.2,2.7,0,1,29.3,70.7,Low Priority
67,2,21.0,0.162,1.491,1.933,0.442,1,2,21,6,7.0,5,27,7,63.7,60.0,3.6,4.0,0,1,23.4,76.6,Low Priority
50,2,21.0,0.073,1.506,2.265,0.759,1,3,2,6,6.8,105,76,12,72.0,47.9,3.4,3.1,0,1,50.9,49.1,Medium Priority
42,2,21.0,-0.116,1.763,2.425,0.662,0,2,14,6,6.1,5,0,5,69.2,49.6,3.6,2.7,0,1,28.0,72.0,Low Priority
44,1,13.0,-0.593,1.33,1.742,0.413,1,3,13,5,7.0,72,39,7,65.4,53.5,3.3,2.8,0,0,27.2,72.8,Low Priority
44,1,20.0,-0.214,1.425,1.864,0.439,0,1,18,6,7.3,163,95,8,69.4,60.8,2.8,6.5,0,2,51.1,48.9,Medium Priority
45,1,15.0,-0.196,1.101,1.075,-0.025,0,3,6,6,7.1,60,11,5,66.2,63.9,3.2,1.0,0,0,22.0,78.0,Low Priority
44,2,18.0,-0.093,1.82,2.064,0.244,1,2,15,6,6.2,77,9,5,72.3,51.0,3.3,5.0,0,0,33.8,66.2,Low Priority
67,1,19.0,0.421,1.249,1.798,0.549,1,3,15,6,7.4,81,66,12,71.2,60.0,3.1,5.0,0,0,36.7,63.3,Low Priority
46,1,18.0,0.49,1.256,1.784,0.528,13,3,15,6,5.3,39,13,5,76.6,57.7,3.5,2.2,0,0,36.1,63.9,Low Priority
55,2,19.0,0.725,1.247,1.996,0.749,0,3,21,5,7.0,12,9,8,70.2,56.5,4.3,2.8,0,0,21.4,78.6,Low Priority
78,1,22.0,0.762,1.178,1.546,0.368,0,3,17,6,6.8,33,21,7,70.2,63.5,3.8,2.1,0,0,23.1,76.9,Low Priority
61,2,15.0,-0.211,1.159,1.167,0.008,0,3,4,6,6.0,28,22,5,70.4,62.5,3.0,3.6,0,0,31.2,68.8,Low Priority
68,2,20.0,0.327,1.206,1.908,0.702,0,3,12,6,7.3,90,93,7,71.3,57.4,3.5,5.3,0,1,44.4,55.6,Medium Priority
46,2,18.0,0.428,1.012,1.821,0.81,2,3,11,6,4.9,107,43,8,73.9,46.3,3.1,3.4,0,1,51.4,48.6,Medium Priority
47,1,15.0,-0.176,1.146,1.803,0.657,1,3,10,5,5.4,5,23,4,76.2,47.2,3.4,1.0,0,1,31.3,68.7,Low Priority
39,1,16.0,-0.27,1.777,2.133,0.356,3,3,12,6,6.6,98,34,4,75.0,46.1,3.2,5.8,0,1,43.7,56.3,Medium Priority
46,2,22.0,0.292,1.497,2.196,0.699,0,3,11,5,6.8,199,138,11,77.4,43.4,3.1,8.8,1,1,77.2,22.8,Immediate Priority
52,2,21.0,0.459,1.541,2.917,1.376,3,3,12,4,5.4,47,5,8,71.1,48.2,3.9,4.0,0,1,39.8,60.2,Low Priority
46,2,22.0,0.727,1.599,2.034,0.435,0,3,23,6,6.6,12,10,8,66.4,55.7,3.7,3.4,0,0,21.9,78.1,Low Priority
42,1,22.0,-0.018,1.751,1.78,0.029,3,3,6,6,5.0,137,147,12,78.0,41.5,2.4,4.8,0,2,72.1,27.9,Immediate Priority
44,2,16.0,-0.112,0.918,1.153,0.235,0,3,20,6,7.5,157,141,10,70.0,61.6,3.2,5.9,0,1,49.5,50.5,Medium Priority
61,2,18.0,0.855,1.043,1.623,0.58,0,3,12,5,7.0,53,8,7,63.6,58.2,3.7,4.0,0,1,31.4,68.6,Low Priority
48,2,20.0,0.514,1.141,1.088,-0.054,0,2,14,6,7.1,37,7,5,65.0,62.4,3.8,3.0,0,0,17.9,82.1,Low Priority
55,2,19.0,0.456,1.218,1.669,0.45,4,3,17,6,6.5,27,24,6,70.0,47.8,3.6,4.7,0,1,35.9,64.1,Low Priority
62,2,18.0,-0.014,1.258,1.768,0.51,0,3,11,6,7.0,60,2,8,64.7,71.2,3.3,3.9,0,0,26.4,73.6,Low Priority
69,2,18.0,0.181,1.224,2.062,0.838,0,3,12,6,6.5,119,47,7,69.7,47.1,3.5,5.2,0,0,41.5,58.5,Medium Priority
39,1,19.0,0.375,1.378,2.152,0.774,2,3,11,6,5.2,27,3,5,70.4,49.1,3.8,2.8,0,0,32.6,67.4,Low Priority
74,2,19.0,-0.665,1.335,1.983,0.648,0,1,11,6,7.9,34,2,8,60.8,65.5,3.9,3.1,0,0,22.8,77.2,Low Priority
67,1,16.0,0.377,1.16,0.948,-0.212,0,3,20,6,7.9,21,29,9,60.8,65.3,4.0,4.4,0,2,21.7,78.3,Low Priority
42,1,19.0,1.305,0.824,1.488,0.664,0,3,17,6,6.1,161,142,13,79.6,55.3,3.2,5.9,0,1,65.4,34.6,High Priority
77,1,19.0,0.087,1.098,1.7,0.602,0,3,7,5,6.6,67,25,6,66.2,60.6,3.3,4.0,0,1,32.3,67.7,Low Priority
79,1,19.0,-0.314,1.2,1.675,0.475,3,1,7,6,6.4,57,19,9,68.2,56.6,3.6,3.9,0,1,38.5,61.5,Low Priority
41,1,16.0,0.431,1.27,1.181,-0.089,2,3,12,5,7.6,197,180,8,72.1,55.1,2.3,6.0,0,1,68.7,31.3,High Priority
52,1,20.0,0.553,1.066,1.247,0.181,0,3,6,5,5.7,57,34,5,67.4,61.3,3.1,2.0,0,0,32.2,67.8,Low Priority
74,2,12.0,-0.634,1.214,1.284,0.071,13,2,14,5,5.7,39,21,5,72.7,52.8,3.3,5.2,0,1,37.8,62.2,Low Priority
72,2,18.0,0.318,1.066,0.895,-0.17,0,3,7,6,6.2,44,21,10,66.7,64.1,3.6,4.7,0,2,29.1,70.9,Low Priority
47,1,21.0,0.273,1.298,1.699,0.401,0,2,13,6,6.6,49,9,7,65.6,57.3,3.9,5.0,0,0,21.9,78.1,Low Priority
48,2,19.0,0.31,1.079,1.255,0.175,0,3,0,6,6.7,12,32,11,74.5,58.3,3.6,1.5,0,0,27.2,72.8,Low Priority
56,2,17.0,-0.48,1.131,2.278,1.148,0,1,10,6,6.5,53,25,10,68.4,55.1,3.6,5.3,0,1,40.1,59.9,Medium Priority
62,1,20.0,0.153,1.025,1.379,0.354,0,2,15,5,6.6,52,14,12,75.0,57.3,4.3,5.9,0,1,31.2,68.8,Low Priority
66,1,19.0,0.268,1.292,2.061,0.769,5,3,12,6,5.7,22,7,5,72.0,52.0,3.9,4.2,0,0,38.0,62.0,Low Priority
56,2,21.0,0.708,1.127,1.083,-0.044,2,2,23,6,7.3,34,16,8,60.9,67.6,4.0,5.2,0,3,26.6,73.4,Low Priority
61,2,20.0,0.165,1.536,1.788,0.251,0,2,18,6,7.0,49,31,5,65.4,49.9,3.8,4.4,0,0,25.0,75.0,Low Priority
72,2,20.0,0.268,1.421,1.85,0.43,1,3,11,6,6.9,20,2,5,66.7,54.1,3.7,1.9,0,0,23.0,77.0,Low Priority
39,1,19.0,0.249,1.311,1.455,0.144,1,3,4,5,6.7,37,7,8,72.8,63.3,3.6,3.8,0,0,23.8,76.2,Low Priority
51,1,15.0,0.354,1.143,1.425,0.282,4,3,18,5,6.3,165,132,10,79.6,48.2,2.8,4.6,0,2,67.2,32.8,High Priority
70,1,17.0,0.362,1.415,1.755,0.34,3,3,20,6,6.4,12,35,9,70.0,60.5,3.5,2.0,0,2,37.7,62.3,Low Priority
78,1,18.0,0.252,1.487,1.822,0.336,0,3,17,6,7.0,48,2,7,71.8,61.5,4.1,3.8,0,1,24.2,75.8,Low Priority
63,1,19.0,-0.125,1.36,2.289,0.929,2,3,7,6,4.9,75,53,4,70.0,40.5,3.3,4.2,0,1,48.5,51.5,Medium Priority
63,1,19.0,-0.039,1.697,2.207,0.509,1,2,29,6,6.6,80,2,11,71.8,57.3,3.6,4.7,0,4,43.1,56.9,Medium Priority
43,2,17.0,-0.401,1.433,1.971,0.538,1,2,9,6,6.7,60,60,6,75.3,56.2,2.4,1.5,0,1,37.9,62.1,Low Priority
60,2,9.0,-0.798,1.538,2.093,0.555,0,3,16,6,6.6,70,62,10,75.9,53.6,3.9,3.7,0,0,37.0,63.0,Low Priority
63,1,19.0,0.547,1.358,1.934,0.576,0,3,19,5,6.5,71,47,4,66.4,51.9,3.1,4.6,0,0,42.3,57.7,Medium Priority
50,2,17.0,-0.296,1.483,1.862,0.378,1,3,9,5,5.0,99,59,9,70.4,47.4,2.9,5.4,0,1,49.3,50.7,Medium Priority
52,1,20.0,0.973,1.143,1.454,0.311,0,3,19,6,6.6,5,4,8,66.5,57.1,4.1,3.6,0,0,20.3,79.7,Low Priority
56,2,12.0,-0.564,1.221,1.67,0.449,0,3,10,6,7.9,67,58,9,72.1,52.0,4.0,4.1,0,0,32.8,67.2,Low Priority
38,1,19.0,0.745,1.408,2.138,0.731,1,2,23,5,6.4,50,6,3,80.1,49.0,4.4,3.0,0,3,38.0,62.0,Low Priority
54,2,22.0,0.511,1.406,2.128,0.722,0,2,10,5,6.3,24,18,7,69.5,57.0,3.4,3.6,0,1,26.2,73.8,Low Priority
48,2,16.0,0.431,1.444,1.778,0.334,1,3,22,4,6.6,192,128,17,68.8,44.3,3.2,6.0,0,1,67.0,33.0,High Priority
54,2,19.0,-0.033,1.581,2.201,0.62,1,3,5,5,6.6,49,31,9,76.2,57.5,3.5,4.6,0,0,36.9,63.1,Low Priority
44,1,14.0,-0.162,0.998,1.345,0.347,8,3,15,5,6.7,161,154,11,87.8,45.7,3.6,6.2,0,2,74.0,26.0,Immediate Priority
77,2,20.0,0.53,1.102,1.514,0.412,0,2,13,6,6.7,49,4,15,72.0,53.4,4.2,3.4,0,2,35.2,64.8,Low Priority
66,1,19.0,0.345,1.38,1.648,0.268,0,3,12,6,7.0,99,29,7,64.2,56.4,3.6,3.6,0,1,38.2,61.8,Low Priority
69,2,18.0,0.337,1.16,1.51,0.35,1,3,9,6,7.8,42,2,8,76.8,74.0,3.7,4.7,0,0,29.3,70.7,Low Priority
73,2,19.0,-0.419,2.107,2.89,0.783,2,2,15,6,6.5,105,44,5,76.7,50.0,2.2,5.3,0,0,50.4,49.6,Medium Priority
62,1,21.0,0.393,1.446,1.874,0.428,30,3,8,6,5.7,74,3,8,66.4,58.4,3.8,6.5,0,0,41.8,58.2,Medium Priority
42,2,16.0,0.537,1.309,1.749,0.44,0,3,13,6,6.3,14,8,9,77.0,58.3,4.1,3.4,0,2,30.0,70.0,Low Priority
64,2,12.0,-0.591,1.208,1.199,-0.009,0,3,9,6,8.1,66,13,7,59.9,57.8,4.2,4.6,0,1,17.3,82.7,Low Priority
65,1,21.0,1.249,1.216,1.53,0.314,3,3,22,6,6.1,53,62,14,69.3,60.6,2.3,1.8,0,2,39.6,60.4,Low Priority
71,2,19.0,-0.66,1.334,1.667,0.333,0,1,4,6,7.0,48,8,4,69.8,58.6,3.1,3.8,0,2,31.0,69.0,Low Priority
59,1,21.0,0.541,1.353,1.519,0.167,1,3,8,6,7.2,112,84,13,70.3,48.6,3.5,4.4,0,1,47.1,52.9,Medium Priority
44,2,19.0,-0.081,1.222,1.63,0.408,0,1,9,6,6.5,67,6,7,67.9,56.0,4.3,4.8,0,1,31.1,68.9,Low Priority
52,2,21.0,0.653,1.264,1.544,0.28,0,3,11,6,6.9,60,1,9,66.5,59.6,3.8,4.1,0,0,22.0,78.0,Low Priority
55,2,18.0,0.136,1.638,2.062,0.425,0,3,9,6,7.1,66,22,6,72.1,61.2,4.1,5.0,0,0,27.4,72.6,Low Priority
68,2,20.0,-0.013,1.647,2.083,0.437,0,3,12,6,6.1,211,174,8,68.5,38.7,1.8,9.3,1,1,72.6,27.4,Immediate Priority
65,2,22.0,0.783,1.385,1.516,0.131,1,3,18,5,7.8,47,5,7,65.4,76.4,4.2,2.5,0,0,21.3,78.7,Low Priority
55,1,19.0,0.746,1.017,1.306,0.289,5,3,15,6,5.8,35,4,2,68.4,53.0,3.5,4.3,0,0,34.3,65.7,Low Priority
83,2,16.0,0.089,1.451,1.875,0.424,0,3,14,6,7.8,90,62,9,64.0,60.4,4.0,5.1,0,0,37.2,62.8,Low Priority
66,1,17.0,-0.449,1.686,2.424,0.738,2,3,6,4,6.8,82,16,6,67.7,45.6,3.3,6.5,0,0,42.5,57.5,Medium Priority
50,2,16.0,0.044,1.643,2.118,0.475,0,3,15,6,6.5,125,56,7,59.0,51.9,3.9,5.8,0,1,43.6,56.4,Medium Priority
43,1,17.0,-0.374,1.497,1.711,0.214,1,3,8,6,6.4,36,10,7,64.6,59.6,3.4,3.9,0,1,24.2,75.8,Low Priority
45,1,17.0,-0.287,1.656,2.171,0.515,0,3,16,5,6.2,62,27,7,79.2,48.1,2.9,4.8,0,1,44.0,56.0,Medium Priority
50,2,19.0,0.247,1.339,2.226,0.887,4,3,9,6,6.0,45,13,11,76.7,61.7,3.1,4.5,0,0,38.4,61.6,Low Priority
45,1,19.0,0.135,1.472,2.134,0.662,2,3,11,5,6.3,16,27,0,72.2,56.5,3.2,4.6,0,3,39.4,60.6,Low Priority
47,2,18.0,0.395,1.17,1.727,0.557,1,3,11,6,7.4,86,65,8,65.9,54.8,3.6,3.2,0,0,36.1,63.9,Low Priority
52,1,20.0,0.339,1.395,2.003,0.608,2,2,18,6,7.6,133,64,11,75.4,58.1,3.2,4.7,0,0,41.2,58.8,Medium Priority
46,1,14.0,-1.677,1.634,2.445,0.811,1,0,7,6,6.4,43,32,8,79.1,49.8,2.8,5.4,0,0,47.0,53.0,Medium Priority
78,2,14.0,-0.444,1.191,1.898,0.707,8,2,13,6,5.5,200,118,8,85.5,51.6,2.8,4.1,0,1,72.6,27.4,Immediate Priority
42,1,16.0,-0.081,1.128,1.691,0.563,1,3,7,6,6.4,72,13,3,67.7,62.4,2.2,3.8,0,0,31.4,68.6,Low Priority
63,1,19.0,0.355,1.35,2.055,0.705,4,3,15,6,6.1,52,12,6,68.8,57.1,3.4,3.7,0,0,35.5,64.5,Low Priority
58,2,16.0,0.225,1.275,1.369,0.095,0,3,19,6,6.3,86,42,7,77.8,59.3,2.8,4.0,0,2,37.1,62.9,Low Priority
82,1,17.0,-0.145,1.477,1.452,-0.025,0,3,12,6,6.2,50,43,2,65.4,48.0,2.9,5.4,0,2,32.3,67.7,Low Priority
43,2,18.0,0.453,1.222,1.669,0.447,1,3,12,6,8.0,25,2,6,65.6,70.8,4.2,3.6,0,0,23.7,76.3,Low Priority
57,1,21.0,0.581,1.724,2.145,0.422,0,3,20,6,6.7,108,42,11,61.4,53.7,3.4,4.2,0,0,31.4,68.6,Low Priority
82,1,11.0,-0.213,1.029,1.277,0.248,1,2,13,5,6.4,35,21,5,67.5,63.7,3.3,2.4,0,1,25.2,74.8,Low Priority
76,2,20.0,-0.333,1.617,2.253,0.637,0,1,12,6,6.9,117,61,8,76.0,56.8,3.7,5.2,0,0,38.2,61.8,Low Priority
74,1,20.0,0.563,1.15,1.023,-0.127,1,3,14,6,6.4,69,74,9,72.0,60.2,3.1,5.3,0,0,37.0,63.0,Low Priority
51,1,21.0,1.579,0.912,1.162,0.25,0,3,15,6,6.4,36,36,6,72.1,52.6,4.3,3.4,0,1,29.5,70.5,Low Priority
46,1,22.0,0.526,1.382,1.646,0.264,0,3,7,6,6.3,77,0,7,62.4,53.8,4.0,3.9,0,1,28.9,71.1,Low Priority
68,1,11.0,-0.513,1.268,1.205,-0.063,0,2,17,6,8.0,74,45,9,62.1,73.4,3.2,3.1,0,0,26.2,73.8,Low Priority
79,2,15.0,0.156,1.071,1.897,0.827,5,3,12,5,6.1,78,62,11,77.9,44.1,3.9,4.5,0,0,55.7,44.3,High Priority
64,1,21.0,0.509,0.939,0.955,0.016,0,2,6,4,5.7,76,12,10,73.4,52.9,3.6,4.4,0,0,30.0,70.0,Low Priority
65,2,18.0,0.182,1.325,1.56,0.235,0,2,16,6,7.6,89,28,7,67.1,60.8,4.5,3.4,0,1,23.7,76.3,Low Priority
52,2,19.0,-0.973,1.552,2.212,0.66,1,0,11,6,6.2,204,151,11,85.1,43.9,2.1,7.8,1,1,80.4,19.6,Immediate Priority
72,1,20.0,-0.121,1.462,2.048,0.585,1,2,6,6,5.4,30,15,3,67.5,49.9,3.4,5.1,0,0,25.8,74.2,Low Priority
47,2,20.0,-0.033,1.34,1.427,0.087,0,2,14,6,6.7,33,11,9,65.3,62.8,3.8,3.2,0,0,19.5,80.5,Low Priority
54,1,22.0,0.562,1.438,2.033,0.596,0,2,19,5,6.9,47,10,6,78.7,62.4,3.7,3.8,0,0,29.2,70.8,Low Priority
59,2,22.0,0.831,1.321,1.805,0.484,0,3,19,6,6.9,83,36,5,74.1,56.8,4.1,2.8,0,0,31.9,68.1,Low Priority
62,1,20.0,0.92,0.997,2.061,1.065,7,2,22,6,7.1,151,134,11,80.2,47.1,3.7,6.4,0,1,65.3,34.7,High Priority
50,2,17.0,0.379,0.999,1.515,0.517,0,2,18,6,6.4,76,42,5,73.1,55.6,2.4,4.6,0,0,39.0,61.0,Low Priority
43,2,21.0,-0.055,1.28,1.642,0.362,0,2,0,5,6.8,52,16,6,72.1,56.3,3.9,3.1,0,2,35.0,65.0,Low Priority
66,1,13.0,-0.385,1.29,1.449,0.159,0,3,11,6,6.5,107,45,7,72.1,47.7,2.9,3.7,0,2,46.1,53.9,Medium Priority
53,2,16.0,-0.706,1.524,1.714,0.191,0,1,17,6,5.8,92,44,4,65.1,54.6,2.0,6.6,0,3,40.1,59.9,Medium Priority
65,2,21.0,0.322,1.502,1.669,0.167,2,3,11,6,7.1,32,40,6,72.5,61.6,3.8,3.6,0,0,26.9,73.1,Low Priority
45,1,17.0,0.209,1.467,2.258,0.791,0,3,14,6,6.7,31,7,10,66.9,55.9,3.9,2.0,0,0,23.2,76.8,Low Priority
61,1,16.0,0.013,1.262,1.669,0.407,0,2,14,6,6.9,51,45,4,72.3,45.4,3.7,4.5,0,1,35.8,64.2,Low Priority
63,2,15.0,-0.178,1.008,1.571,0.563,0,3,11,6,7.1,69,25,10,63.5,56.4,3.7,4.2,0,0,28.6,71.4,Low Priority
40,2,21.0,-0.376,1.422,2.254,0.832,0,0,19,6,6.0,53,0,6,79.5,59.6,3.8,3.6,0,0,37.0,63.0,Low Priority
54,2,19.0,0.105,1.448,1.181,-0.268,0,3,13,6,6.5,66,34,5,68.3,50.9,3.2,5.0,0,1,33.3,66.7,Low Priority
44,2,20.0,1.127,0.775,1.54,0.765,2,3,12,6,6.7,203,180,10,76.1,49.2,2.6,3.4,0,2,69.3,30.7,High Priority
41,2,17.0,0.878,1.134,1.552,0.418,2,2,29,5,7.4,50,19,9,63.0,58.5,4.2,1.3,0,0,22.9,77.1,Low Priority
83,2,20.0,0.116,1.167,1.693,0.526,3,2,12,6,7.5,186,151,17,75.7,49.8,3.3,7.9,1,1,77.3,22.7,Immediate Priority
54,1,20.0,0.318,1.354,1.521,0.167,2,3,8,6,7.2,17,4,8,65.7,58.0,3.9,2.7,0,1,22.7,77.3,Low Priority
74,1,17.0,0.633,1.141,1.329,0.188,1,3,13,6,6.9,58,59,7,75.7,51.2,3.3,3.1,0,2,43.1,56.9,Medium Priority
51,2,18.0,0.204,1.318,1.859,0.541,0,2,17,6,6.8,5,5,6,70.6,66.0,3.7,1.0,0,1,19.4,80.6,Low Priority
69,2,16.0,0.427,1.278,2.358,1.079,2,3,16,6,6.2,75,14,5,62.8,58.2,3.1,4.2,0,1,41.7,58.3,Medium Priority
72,1,22.0,1.122,1.29,1.977,0.687,2,3,17,6,5.8,80,38,4,69.6,55.7,3.7,4.5,0,1,39.6,60.4,Low Priority
66,1,20.0,0.522,1.162,1.923,0.761,2,3,15,5,6.5,79,40,6,85.8,59.2,2.8,5.8,0,3,55.0,45.0,High Priority
61,2,22.0,0.383,1.179,1.527,0.347,0,2,9,6,6.1,128,67,6,73.3,55.2,3.2,5.5,0,0,45.0,55.0,Medium Priority
58,2,17.0,0.529,1.077,1.309,0.232,0,3,18,5,6.9,40,42,4,73.0,63.1,3.6,2.9,0,1,28.5,71.5,Low Priority
55,1,21.0,0.791,1.415,1.595,0.18,2,3,19,4,7.6,26,40,6,65.2,56.4,3.1,3.5,0,1,32.5,67.5,Low Priority
79,2,21.0,0.197,1.459,1.722,0.263,1,2,8,6,7.2,148,109,10,67.6,59.0,2.4,6.8,0,2,55.6,44.4,High Priority
75,1,20.0,0.477,1.149,0.968,-0.181,11,3,7,6,5.8,64,27,6,68.9,63.7,3.0,4.8,0,1,36.0,64.0,Low Priority
82,1,22.0,0.239,1.678,1.874,0.196,0,3,23,6,6.6,5,11,8,68.3,59.5,3.5,3.3,0,0,21.1,78.9,Low Priority
44,1,18.0,0.231,1.254,1.497,0.243,0,3,18,5,6.4,45,7,11,66.1,57.2,4.2,3.7,0,2,26.5,73.5,Low Priority
71,1,15.0,-0.926,1.68,2.033,0.352,0,2,19,6,6.5,41,22,4,77.3,49.7,3.3,2.6,0,1,36.4,63.6,Low Priority
80,2,20.0,0.884,1.179,1.618,0.439,2,3,19,5,7.3,65,56,5,65.8,58.3,3.8,2.6,0,2,38.8,61.2,Low Priority
46,1,20.0,0.934,0.859,1.364,0.505,0,3,13,6,7.4,22,1,6,63.8,71.2,4.5,1.5,0,2,20.1,79.9,Low Priority
41,2,19.0,0.372,1.42,1.818,0.398,0,3,14,6,8.2,5,6,10,66.7,57.4,4.5,3.1,0,1,25.2,74.8,Low Priority
71,2,16.0,-0.261,1.384,1.621,0.237,56,3,13,5,3.5,20,5,8,80.3,54.2,2.8,3.5,0,1,44.7,55.3,Medium Priority
65,1,19.0,0.164,1.335,1.179,-0.156,0,3,5,6,7.2,51,39,8,67.9,57.6,3.3,4.8,0,0,27.2,72.8,Low Priority
75,2,17.0,0.497,1.179,1.417,0.239,2,3,16,5,7.2,55,12,8,63.5,59.2,4.0,4.3,0,0,27.7,72.3,Low Priority
44,2,18.0,-0.291,1.319,1.445,0.126,0,2,13,6,6.8,34,8,4,58.5,54.2,3.4,4.4,0,1,19.0,81.0,Low Priority
73,2,20.0,0.33,1.209,1.743,0.534,2,3,14,6,5.9,85,40,9,80.5,49.7,4.0,4.0,0,1,45.3,54.7,Medium Priority
48,1,20.0,1.93,1.257,1.917,0.66,1,8,13,6,7.3,30,64,11,76.3,58.7,4.0,4.0,0,0,31.3,68.7,Low Priority
45,2,16.0,-0.147,1.521,2.19,0.669,3,2,12,6,6.8,27,18,7,69.1,60.3,3.7,1.8,0,2,32.4,67.6,Low Priority
45,2,18.0,0.334,1.37,1.987,0.617,4,3,8,6,6.1,81,38,2,74.5,54.6,3.5,4.0,0,2,40.4,59.6,Medium Priority
74,1,17.0,-0.024,1.468,1.832,0.364,0,3,10,5,6.8,26,4,4,65.7,56.6,3.8,1.0,0,1,23.6,76.4,Low Priority
68,1,16.0,-0.597,1.273,1.527,0.254,0,2,8,5,7.6,174,123,4,79.0,47.7,2.7,6.0,0,1,57.3,42.7,High Priority
63,2,21.0,-0.182,1.248,1.438,0.19,0,0,8,6,7.4,5,18,8,61.2,61.7,3.9,4.1,0,1,21.8,78.2,Low Priority
55,2,22.0,0.993,1.061,1.034,-0.026,1,2,23,6,6.2,228,180,12,76.2,44.3,2.2,7.1,0,2,69.1,30.9,High Priority
77,1,18.0,-0.327,1.242,1.925,0.684,3,2,8,5,6.5,186,172,12,77.9,45.3,3.0,7.1,0,1,66.0,34.0,High Priority
57,2,20.0,0.521,0.6,0.952,0.352,0,3,9,6,7.1,78,67,12,71.1,56.8,3.1,4.4,0,0,37.1,62.9,Low Priority
74,1,21.0,0.506,1.191,1.239,0.048,1,2,14,6,7.6,54,0,7,64.5,62.8,4.2,2.9,0,1,19.2,80.8,Low Priority
60,2,21.0,0.536,1.308,1.475,0.167,0,3,14,6,7.5,94,35,4,67.6,60.9,3.4,4.2,0,0,28.8,71.2,Low Priority
56,1,16.0,-0.313,1.457,1.613,0.156,2,3,8,6,7.4,59,4,10,61.0,63.6,3.5,5.1,0,2,35.2,64.8,Low Priority
61,2,22.0,-0.071,1.265,1.679,0.414,8,1,17,6,5.5,181,101,9,83.0,53.6,1.9,7.0,0,2,79.6,20.4,Immediate Priority
53,1,18.0,0.315,1.407,2.112,0.705,0,3,16,6,6.0,131,70,13,74.3,48.4,3.2,4.4,0,2,54.3,45.7,Medium Priority
72,1,17.0,-0.105,0.823,1.127,0.303,0,3,9,5,7.8,171,161,10,78.8,55.0,2.5,4.3,0,3,61.1,38.9,High Priority
62,1,13.0,-0.285,1.314,1.076,-0.238,0,3,10,6,6.8,75,42,5,83.3,67.8,3.8,4.2,0,1,31.2,68.8,Low Priority
50,1,19.0,0.283,0.939,1.287,0.348,1,0,21,5,6.0,53,33,3,66.8,59.1,3.5,2.9,0,3,34.6,65.4,Low Priority
78,2,15.0,-0.076,1.048,1.406,0.358,0,2,17,5,7.3,112,32,6,68.7,65.7,3.7,4.5,0,0,30.4,69.6,Low Priority
57,1,17.0,0.336,1.284,1.622,0.338,0,3,15,6,6.5,78,21,4,68.1,54.3,3.0,2.3,0,1,27.4,72.6,Low Priority
64,2,17.0,-0.625,1.622,1.846,0.224,0,3,6,6,7.7,53,28,8,74.7,56.4,3.9,4.8,0,1,31.0,69.0,Low Priority
78,1,21.0,0.466,1.413,1.877,0.464,0,3,11,5,6.8,96,45,9,67.9,54.8,3.2,4.3,0,2,45.8,54.2,Medium Priority
67,1,21.0,0.761,1.331,1.752,0.421,0,3,13,6,6.8,120,121,8,74.9,49.7,2.3,5.0,0,2,58.1,41.9,High Priority
44,1,17.0,-1.265,1.322,1.717,0.395,1,1,8,6,6.4,76,40,6,71.0,60.7,3.3,3.0,0,2,37.2,62.8,Low Priority
80,1,21.0,0.619,1.162,1.681,0.519,0,3,12,5,7.7,93,87,9,72.2,52.2,2.9,4.0,0,0,42.2,57.8,Medium Priority
67,1,21.0,0.472,1.201,1.481,0.28,2,2,14,6,6.9,76,89,10,74.9,53.5,2.3,4.2,0,0,45.4,54.6,Medium Priority
54,1,20.0,-0.042,1.426,1.69,0.264,1,2,10,6,6.4,81,32,4,69.9,61.5,3.9,3.4,0,3,36.6,63.4,Low Priority
44,2,15.0,0.544,1.007,1.801,0.794,0,3,16,5,6.2,71,19,7,75.0,57.1,3.3,3.7,0,1,38.7,61.3,Low Priority
73,1,20.0,0.06,1.464,2.025,0.561,0,2,18,6,6.5,86,45,12,74.5,53.9,2.6,5.9,0,1,50.0,50.0,Medium Priority
66,2,22.0,0.564,1.237,1.874,0.637,1,3,10,6,6.0,51,26,8,71.2,55.6,3.0,1.4,0,0,34.4,65.6,Low Priority
63,2,20.0,0.092,1.518,2.268,0.75,5,3,17,6,6.6,5,3,5,69.5,51.1,3.4,2.8,0,0,32.4,67.6,Low Priority
78,1,17.0,-0.302,1.549,2.1,0.551,0,2,7,6,5.4,21,21,5,77.6,46.4,3.7,2.0,0,2,36.1,63.9,Low Priority
73,2,19.0,0.801,0.941,1.606,0.666,0,3,17,5,6.7,185,180,7,83.5,37.6,1.7,7.8,1,1,80.2,19.8,Immediate Priority
45,2,20.0,1.698,1.193,1.146,-0.047,0,8,8,6,7.5,26,2,5,70.4,65.0,3.6,2.8,0,1,20.0,80.0,Low Priority
54,2,19.0,0.236,1.129,1.589,0.46,1,3,6,5,7.0,109,53,10,77.7,61.0,3.8,3.4,0,2,48.4,51.6,Medium Priority
51,2,15.0,0.108,0.908,1.258,0.35,0,2,14,6,6.6,138,82,10,69.7,58.1,2.9,5.0,0,0,44.4,55.6,Medium Priority
71,1,17.0,0.342,1.088,1.967,0.878,0,3,12,6,7.0,35,47,7,72.9,61.3,3.6,3.6,0,0,30.8,69.2,Low Priority
39,2,21.0,0.887,1.891,2.556,0.665,1,3,19,6,5.6,49,37,6,74.7,56.9,3.1,6.8,0,0,39.4,60.6,Low Priority
65,2,21.0,0.217,1.468,1.691,0.223,1,2,11,6,6.7,66,55,4,65.2,55.7,4.1,1.3,0,0,20.7,79.3,Low Priority
72,2,15.0,-1.019,1.77,2.278,0.508,0,2,10,5,6.8,5,25,10,74.1,55.1,2.9,1.2,0,1,32.1,67.9,Low Priority
77,2,22.0,0.453,1.519,1.968,0.45,0,3,13,6,6.9,48,4,6,70.1,66.0,3.9,5.0,0,1,31.8,68.2,Low Priority
55,1,17.0,-0.142,1.156,1.687,0.531,1,2,12,6,6.3,170,147,10,75.5,42.9,3.0,4.1,0,1,60.1,39.9,High Priority
74,1,20.0,0.177,1.239,1.351,0.113,0,3,11,6,7.7,52,25,8,63.9,56.1,3.6,3.6,0,0,25.1,74.9,Low Priority
43,2,20.0,-0.382,1.463,1.967,0.504,0,0,15,6,6.7,112,49,11,71.3,52.6,3.0,4.2,0,2,47.5,52.5,Medium Priority
75,2,21.0,0.795,1.428,1.765,0.337,3,3,16,6,6.9,66,34,9,61.5,54.9,3.9,3.1,0,1,32.0,68.0,Low Priority
44,1,22.0,0.923,1.194,1.676,0.482,0,3,18,5,7.7,21,2,5,64.0,62.8,4.5,2.7,0,2,19.5,80.5,Low Priority
57,1,17.0,0.368,0.978,1.174,0.196,1,2,23,6,7.7,181,137,12,67.2,49.4,2.6,5.7,0,1,61.0,39.0,High Priority
73,1,21.0,-0.186,2.086,2.322,0.236,3,2,9,6,6.8,126,70,10,71.4,53.6,3.8,6.3,0,0,42.2,57.8,Medium Priority
45,1,15.0,-0.321,1.294,2.03,0.735,0,3,15,6,6.7,44,7,5,72.0,54.6,3.6,5.0,0,2,37.8,62.2,Low Priority
49,2,20.0,0.052,1.252,1.355,0.103,0,3,11,6,7.4,226,179,10,77.3,55.0,2.7,7.5,0,2,63.7,36.3,High Priority
71,2,20.0,0.307,1.353,1.477,0.124,1,3,15,6,6.9,86,60,8,71.7,50.3,3.9,3.9,0,2,35.0,65.0,Low Priority
71,1,20.0,0.181,1.271,1.658,0.387,3,3,12,6,5.8,55,28,15,77.9,53.9,3.6,3.9,0,1,44.4,55.6,Medium Priority
67,1,17.0,0.401,1.355,1.538,0.183,4,2,26,6,6.7,74,42,6,65.7,55.1,3.5,4.9,0,0,35.3,64.7,Low Priority
69,1,21.0,0.396,1.624,1.775,0.151,1,3,16,6,6.8,16,5,11,63.5,60.2,3.5,4.0,0,1,21.9,78.1,Low Priority
64,1,16.0,0.322,1.298,1.73,0.432,0,3,22,5,7.1,51,36,7,70.9,62.3,4.7,4.0,0,1,26.8,73.2,Low Priority
51,2,13.0,0.229,1.058,1.033,-0.025,1,3,17,6,7.0,67,3,5,65.6,64.2,3.5,5.7,0,1,22.6,77.4,Low Priority
55,2,20.0,0.615,1.29,1.405,0.116,0,3,19,6,6.5,115,35,8,74.6,56.5,3.6,4.1,0,1,36.1,63.9,Low Priority
46,2,19.0,0.764,1.22,2.205,0.985,0,3,17,6,6.9,105,36,12,74.6,58.5,3.8,6.0,0,1,45.8,54.2,Medium Priority
78,1,21.0,0.583,1.656,2.188,0.532,0,3,12,5,5.7,89,93,9,87.4,51.0,3.0,5.1,0,2,51.2,48.8,Medium Priority
65,2,18.0,-0.532,1.598,1.788,0.19,0,2,9,6,7.6,52,58,8,67.4,58.6,4.3,2.8,0,0,20.7,79.3,Low Priority
58,2,16.0,0.027,1.352,1.873,0.521,2,3,11,6,6.4,12,12,10,65.3,58.6,3.6,3.0,0,0,22.5,77.5,Low Priority
61,2,21.0,0.413,1.032,1.595,0.563,0,3,3,6,7.0,131,98,14,77.0,56.1,3.0,5.5,0,1,54.7,45.3,Medium Priority
81,2,19.0,-0.048,1.044,1.728,0.684,0,0,13,6,7.1,5,38,11,71.2,49.3,4.1,2.4,0,1,32.2,67.8,Low Priority
45,1,16.0,-0.337,1.33,1.696,0.366,0,3,13,6,7.1,56,41,7,70.5,55.8,3.4,3.4,0,1,30.4,69.6,Low Priority
65,1,20.0,0.084,1.405,2.084,0.679,2,3,13,6,5.5,73,8,8,77.1,55.4,3.7,2.1,0,0,32.8,67.2,Low Priority
62,1,19.0,0.752,1.24,1.064,-0.177,1,3,23,6,7.6,141,87,10,67.3,56.3,3.4,4.5,0,5,51.3,48.7,Medium Priority
66,1,19.0,0.554,1.216,1.318,0.102,0,3,20,5,7.2,137,120,6,68.2,51.4,3.3,5.0,0,1,45.9,54.1,Medium Priority
38,1,19.0,0.171,1.19,1.639,0.449,0,3,8,6,6.4,86,67,6,71.0,55.3,3.4,3.5,0,0,33.5,66.5,Low Priority
77,2,21.0,-0.347,1.322,1.817,0.496,0,0,11,5,6.2,171,127,12,65.0,49.3,2.4,4.9,0,2,65.3,34.7,High Priority
80,2,21.0,1.186,0.777,0.92,0.143,4,3,12,6,6.7,69,16,8,68.1,63.6,3.0,5.2,0,2,39.7,60.3,Low Priority
64,2,20.0,0.539,1.073,1.548,0.476,1,3,11,6,6.0,104,88,9,72.3,46.8,2.3,4.5,0,0,49.5,50.5,Medium Priority
70,1,15.0,-0.024,1.182,1.407,0.225,1,3,17,6,7.9,54,30,6,69.2,54.9,3.0,6.2,0,0,32.5,67.5,Low Priority
79,2,21.0,0.294,1.606,1.929,0.323,1,3,13,6,7.4,23,8,9,56.3,64.3,3.9,3.2,0,0,21.0,79.0,Low Priority
70,2,20.0,0.252,1.139,1.832,0.693,0,2,14,6,7.0,45,49,7,72.6,52.1,2.5,4.6,0,1,43.4,56.6,Medium Priority
45,2,20.0,0.458,1.369,2.029,0.66,2,3,18,5,6.3,75,51,8,81.7,48.6,3.2,3.8,0,0,41.2,58.8,Medium Priority
65,2,18.0,0.023,1.379,1.498,0.119,0,3,17,5,6.8,37,15,5,70.6,54.7,3.7,2.4,0,3,28.1,71.9,Low Priority
66,2,21.0,0.12,1.627,1.729,0.102,0,3,7,5,7.2,5,1,10,69.9,66.6,4.2,2.9,0,3,22.3,77.7,Low Priority
59,2,20.0,0.194,1.619,1.904,0.285,0,3,15,6,7.7,56,10,6,66.2,62.1,4.1,5.2,0,1,25.2,74.8,Low Priority
71,1,15.0,0.02,1.314,1.708,0.394,1,3,12,6,6.3,64,22,8,61.7,58.2,3.8,3.7,0,2,33.0,67.0,Low Priority
80,1,18.0,-0.084,1.217,1.432,0.215,4,3,10,6,5.9,55,8,6,70.2,60.9,3.6,4.1,0,0,27.1,72.9,Low Priority
79,1,21.0,0.31,1.174,1.871,0.698,0,3,5,6,7.6,19,9,8,70.2,60.7,3.8,3.2,0,0,24.3,75.7,Low Priority
60,1,13.0,-0.024,1.271,1.772,0.501,3,3,12,5,5.4,5,22,6,70.4,58.3,3.2,2.5,0,3,40.9,59.1,Medium Priority
43,1,22.0,0.55,1.227,1.744,0.517,2,3,11,6,6.0,187,146,7,80.6,39.3,2.1,6.2,0,1,72.4,27.6,Immediate Priority
82,2,20.0,0.163,1.455,1.497,0.042,0,3,9,5,6.7,78,65,6,57.6,49.7,3.3,2.9,0,1,29.0,71.0,Low Priority
75,2,20.0,0.233,1.424,2.158,0.734,0,3,15,5,5.5,24,17,5,73.1,46.9,2.7,3.0,0,1,32.6,67.4,Low Priority
44,2,17.0,-0.162,1.464,1.065,-0.399,0,3,16,5,7.8,134,136,9,69.9,56.8,3.3,6.0,0,2,48.2,51.8,Medium Priority
79,1,17.0,-0.552,1.618,2.257,0.639,1,1,9,6,6.9,69,46,7,79.0,56.6,2.9,4.2,0,0,38.3,61.7,Low Priority
77,2,22.0,0.072,1.757,2.425,0.667,0,3,5,6,6.0,96,27,10,71.3,49.7,3.4,4.6,0,0,38.9,61.1,Low Priority
63,2,17.0,-0.248,1.356,1.635,0.279,0,1,18,6,7.6,45,28,7,64.9,59.1,3.8,4.3,0,1,28.1,71.9,Low Priority
66,1,21.0,-0.433,1.581,2.344,0.764,0,3,1,6,7.2,25,23,5,69.8,63.1,4.1,3.2,0,0,23.1,76.9,Low Priority
58,2,18.0,0.693,1.246,1.63,0.384,1,3,21,6,6.7,57,11,4,65.0,55.2,3.1,3.7,0,0,26.6,73.4,Low Priority
40,1,15.0,-0.11,1.601,2.02,0.42,0,3,14,5,6.3,55,21,10,72.5,56.7,3.3,4.5,0,1,30.1,69.9,Low Priority
54,1,10.0,-0.872,1.572,2.071,0.498,0,3,10,6,7.9,10,33,7,56.5,55.7,3.8,2.9,0,1,25.2,74.8,Low Priority
74,2,19.0,-0.428,1.56,2.867,1.307,0,1,9,6,6.5,79,33,8,78.0,56.9,4.0,3.8,0,0,38.6,61.4,Low Priority
36,1,22.0,0.006,1.349,2.133,0.784,1,3,1,6,6.6,147,64,6,74.5,55.3,3.2,6.0,0,0,49.6,50.4,Medium Priority
54,2,18.0,0.267,1.173,1.774,0.601,2,3,9,6,7.4,5,19,8,75.5,52.8,3.5,2.6,0,1,31.0,69.0,Low Priority
57,2,18.0,0.403,1.005,1.148,0.143,0,3,7,6,7.3,55,56,9,56.2,57.7,4.3,3.3,0,0,20.7,79.3,Low Priority
64,2,17.0,-0.483,1.318,1.761,0.443,2,2,14,6,6.3,5,38,3,59.4,44.4,3.6,2.8,0,0,23.0,77.0,Low Priority
79,1,19.0,-0.375,1.681,1.852,0.171,1,3,8,6,6.6,174,146,5,74.5,51.5,3.0,6.2,0,1,53.1,46.9,Medium Priority
55,1,18.0,0.47,1.255,1.891,0.635,1,3,13,6,7.2,75,21,6,72.5,68.8,3.3,2.7,0,0,28.7,71.3,Low Priority
55,1,21.0,0.664,1.508,1.95,0.442,1,3,14,5,5.3,136,104,9,74.4,34.8,2.9,5.6,0,2,61.9,38.1,High Priority
71,2,19.0,-0.243,1.522,1.605,0.083,0,3,10,6,6.6,141,77,9,74.2,46.3,2.6,7.5,0,1,54.7,45.3,Medium Priority
60,1,19.0,0.211,1.261,1.687,0.425,0,3,4,6,7.6,95,45,2,71.4,59.6,3.1,3.2,0,0,30.7,69.3,Low Priority
49,1,15.0,-0.749,1.631,1.792,0.161,1,3,4,5,6.3,119,47,5,73.7,54.0,3.4,4.3,0,0,34.8,65.2,Low Priority
60,2,22.0,1.069,0.655,1.1,0.445,0,3,3,6,8.0,62,3,7,63.7,63.9,4.5,7.1,0,0,21.9,78.1,Low Priority
44,2,17.0,0.343,1.045,1.203,0.158,1,3,16,6,7.8,154,135,11,72.2,45.5,2.8,4.6,0,2,62.0,38.0,High Priority
46,1,14.0,-0.355,1.115,1.525,0.41,0,2,10,6,6.8,36,5,3,64.0,61.8,4.2,4.8,0,3,23.1,76.9,Low Priority
62,2,20.0,0.973,1.138,1.753,0.615,3,3,17,5,6.1,45,37,9,73.9,58.9,3.3,3.1,0,1,39.1,60.9,Low Priority
59,2,19.0,0.178,1.405,1.792,0.387,1,3,12,5,6.5,42,18,10,64.0,71.1,3.4,3.4,0,0,23.0,77.0,Low Priority
79,1,18.0,-0.142,1.394,1.685,0.291,0,2,12,6,8.4,56,25,4,60.1,69.4,3.9,3.5,0,0,21.8,78.2,Low Priority
55,1,18.0,-0.256,1.418,1.878,0.46,0,2,13,6,7.8,69,42,6,68.7,52.3,3.5,4.4,0,1,33.9,66.1,Low Priority
65,2,21.0,0.897,1.465,2.065,0.6,1,3,15,6,6.5,170,107,14,75.1,48.8,3.5,4.0,0,2,62.5,37.5,High Priority
67,2,16.0,-0.529,1.108,1.195,0.088,2,1,10,5,6.5,48,27,4,65.6,61.7,3.0,3.7,0,1,31.8,68.2,Low Priority
37,2,21.0,0.425,1.046,1.522,0.476,0,3,7,5,6.9,186,180,10,79.0,43.1,2.1,5.7,0,3,78.2,21.8,Immediate Priority
68,1,20.0,-0.02,1.419,2.195,0.776,3,2,13,3,6.4,48,40,7,75.4,57.1,2.8,1.2,0,1,37.0,63.0,Low Priority
46,1,18.0,0.262,1.181,1.746,0.565,0,3,10,6,6.0,53,7,11,71.8,59.9,4.3,4.9,0,0,24.3,75.7,Low Priority
81,1,18.0,0.1,0.964,1.383,0.418,0,1,12,6,7.0,5,9,10,65.9,67.1,3.6,1.0,0,1,23.6,76.4,Low Priority
45,1,17.0,-0.594,1.551,2.135,0.584,3,2,14,6,7.1,80,56,8,74.6,58.4,3.0,6.7,0,0,48.5,51.5,Medium Priority
59,1,20.0,0.531,1.649,2.18,0.531,3,3,12,6,5.2,65,2,5,79.2,53.8,3.3,4.5,0,0,37.1,62.9,Low Priority
42,1,19.0,0.146,1.687,2.303,0.616,1,3,14,6,6.8,66,29,8,72.7,51.9,3.9,2.2,0,1,25.9,74.1,Low Priority
83,2,17.0,-0.116,1.37,1.197,-0.173,2,2,13,6,7.7,35,7,5,59.0,57.7,4.2,4.8,0,1,21.4,78.6,Low Priority
62,2,19.0,0.331,1.472,1.432,-0.039,0,3,16,4,6.6,54,25,5,67.7,59.2,3.3,2.7,0,0,18.8,81.2,Low Priority
66,2,22.0,0.541,1.643,2.331,0.687,3,3,15,6,7.2,66,62,14,70.9,51.4,3.3,3.0,0,0,41.2,58.8,Medium Priority
41,2,18.0,0.329,1.179,1.153,-0.025,0,3,13,6,6.7,35,27,9,63.8,57.8,3.0,1.0,0,2,27.3,72.7,Low Priority
72,1,22.0,0.792,1.584,2.1,0.516,0,3,15,5,6.8,33,8,6,72.8,63.1,3.9,2.1,0,0,23.4,76.6,Low Priority
48,2,17.0,0.249,1.391,1.693,0.302,0,3,18,5,6.6,49,13,4,70.5,64.9,4.1,2.6,0,3,32.2,67.8,Low Priority
78,1,13.0,-0.464,1.538,1.657,0.119,0,3,12,6,6.6,73,20,12,71.6,51.5,3.2,4.9,0,1,36.7,63.3,Low Priority
48,2,16.0,-0.223,1.37,1.871,0.501,0,3,11,6,6.3,35,3,9,67.2,56.1,3.8,4.6,0,2,28.2,71.8,Low Priority
47,2,18.0,-0.703,1.626,2.086,0.459,0,0,16,6,6.9,102,39,12,69.2,53.4,3.1,3.1,0,0,41.2,58.8,Medium Priority
39,2,16.0,-0.185,1.379,2.38,1.001,0,3,14,5,6.9,112,42,4,72.4,55.5,3.0,5.1,0,2,49.1,50.9,Medium Priority
61,2,5.0,-1.174,0.984,1.209,0.225,0,3,5,6,7.0,51,2,12,67.5,50.9,3.9,1.3,0,1,26.3,73.7,Low Priority
64,2,22.0,0.514,1.662,2.473,0.811,1,3,19,6,5.4,83,23,6,75.9,43.0,4.2,4.5,0,1,42.6,57.4,Medium Priority
41,1,21.0,0.37,1.108,1.61,0.502,0,3,4,6,7.1,29,24,9,70.7,58.4,3.9,5.7,0,0,27.4,72.6,Low Priority
72,1,20.0,0.287,1.616,1.831,0.214,0,3,16,6,6.9,19,18,3,66.7,62.2,3.5,1.0,0,1,21.1,78.9,Low Priority
60,2,16.0,0.048,1.306,1.935,0.629,1,3,16,5,6.4,78,36,6,78.3,55.1,3.2,2.8,0,1,46.3,53.7,Medium Priority
63,1,15.0,0.125,1.599,2.161,0.563,3,3,22,5,7.4,15,19,1,65.7,61.6,4.5,3.7,0,0,18.0,82.0,Low Priority
60,2,14.0,-0.88,1.589,2.001,0.412,1,3,5,5,5.6,46,24,6,70.7,53.7,3.2,4.4,0,1,36.1,63.9,Low Priority
58,2,20.0,0.713,1.426,1.904,0.478,0,3,14,6,5.3,120,71,8,79.9,54.9,2.6,3.8,0,0,42.9,57.1,Medium Priority
64,1,22.0,0.425,1.444,1.677,0.232,1,3,12,6,6.3,72,7,3,64.9,65.0,3.6,5.7,0,1,23.9,76.1,Low Priority
45,2,18.0,0.06,1.425,1.592,0.167,0,3,10,6,7.3,66,43,7,64.5,54.4,3.6,2.8,0,0,28.3,71.7,Low Priority
46,2,15.0,-0.454,0.862,1.479,0.618,0,2,6,6,6.3,44,31,5,76.7,60.8,3.5,5.4,0,0,32.3,67.7,Low Priority
76,2,19.0,0.416,1.354,1.693,0.338,0,3,13,6,6.2,54,16,5,62.9,59.1,4.1,4.1,0,1,20.4,79.6,Low Priority
81,2,18.0,0.411,1.069,1.448,0.379,2,3,12,6,7.3,61,58,4,71.6,70.3,4.0,5.2,0,1,33.1,66.9,Low Priority
56,2,18.0,-0.075,1.367,1.848,0.481,0,3,7,6,6.9,61,36,9,66.1,52.8,3.6,4.2,0,0,34.0,66.0,Low Priority
52,2,20.0,0.709,1.063,1.54,0.477,0,2,14,6,7.1,58,29,5,69.4,58.4,3.7,4.4,0,0,24.0,76.0,Low Priority
68,2,20.0,0.707,1.053,1.049,-0.004,0,3,16,5,7.6,78,49,4,61.7,55.9,3.8,4.9,0,0,30.4,69.6,Low Priority
58,1,15.0,-0.228,1.698,2.465,0.767,2,3,16,6,5.9,104,72,11,82.3,43.1,2.7,6.0,0,3,67.8,32.2,High Priority
38,2,12.0,-0.647,1.574,2.01,0.436,1,3,19,6,6.3,170,161,11,72.2,45.9,2.6,5.9,0,1,65.3,34.7,High Priority
45,2,22.0,0.674,1.326,1.67,0.344,0,3,11,5,7.3,55,44,8,71.2,58.9,3.5,2.5,0,1,31.6,68.4,Low Priority
71,1,16.0,1.454,1.37,1.894,0.524,1,8,22,6,5.8,104,93,6,73.3,50.9,3.2,4.5,0,4,60.2,39.8,High Priority
68,2,13.0,-0.555,1.27,1.739,0.469,0,2,18,6,5.5,5,0,5,78.5,57.9,4.0,1.8,0,2,29.9,70.1,Low Priority
38,2,16.0,-0.547,1.459,2.078,0.62,1,2,10,5,6.2,71,33,8,73.4,52.5,3.5,3.2,0,2,40.5,59.5,Medium Priority
49,1,13.0,-0.096,1.171,1.726,0.555,0,3,8,5,7.3,62,10,3,78.0,59.3,3.9,5.7,0,0,33.4,66.6,Low Priority
49,2,18.0,0.012,1.557,2.162,0.606,2,3,12,6,6.5,53,4,6,67.5,51.7,3.4,4.3,0,0,30.4,69.6,Low Priority
68,2,21.0,0.352,1.269,2.054,0.786,0,1,11,5,7.1,57,34,2,69.4,53.0,3.6,4.3,0,2,35.6,64.4,Low Priority
38,2,17.0,-0.56,1.23,1.883,0.653,1,0,14,6,5.4,70,61,12,83.2,49.3,2.4,5.2,0,1,59.0,41.0,High Priority
43,1,18.0,-0.089,1.332,1.688,0.356,0,2,14,5,7.0,71,23,8,61.1,59.5,3.8,4.7,0,0,26.7,73.3,Low Priority
74,1,20.0,2.416,1.19,1.274,0.083,0,8,16,5,7.4,94,49,7,64.7,63.0,3.0,6.6,0,1,37.1,62.9,Low Priority
46,1,19.0,0.1,1.403,2.279,0.876,0,2,13,6,5.6,65,30,11,77.4,54.3,3.6,1.3,0,0,40.1,59.9,Medium Priority
68,2,21.0,0.345,1.203,1.537,0.334,1,3,7,6,7.3,98,25,12,62.1,67.8,4.0,3.3,0,2,34.2,65.8,Low Priority
50,1,21.0,0.806,1.435,1.703,0.268,0,3,18,5,6.7,44,15,7,70.1,53.3,3.8,2.5,0,0,22.8,77.2,Low Priority
43,2,10.0,-2.024,1.608,1.517,-0.091,2,0,10,6,8.5,44,21,9,63.8,63.1,3.5,1.7,0,0,26.9,73.1,Low Priority
50,1,21.0,0.712,1.161,1.659,0.498,0,3,22,5,5.5,39,19,8,64.6,49.7,3.4,3.4,0,0,29.8,70.2,Low Priority
71,1,19.0,0.051,1.297,1.741,0.444,1,2,7,5,7.5,36,46,3,71.8,64.5,2.8,3.4,0,0,31.3,68.7,Low Priority
76,2,22.0,1.217,1.434,1.405,-0.028,2,3,22,6,6.5,51,5,11,61.9,57.2,4.2,5.9,0,1,27.4,72.6,Low Priority
75,2,19.0,0.253,1.226,1.757,0.531,1,2,6,6,5.7,31,4,5,76.9,61.4,3.4,4.2,0,0,32.7,67.3,Low Priority
57,1,22.0,0.562,1.434,1.695,0.261,1,3,9,6,6.4,90,48,11,71.2,61.8,3.9,3.7,0,0,38.9,61.1,Low Priority
68,1,20.0,-0.04,1.455,2.621,1.166,1,3,4,6,6.3,111,35,11,71.5,53.7,3.5,5.3,0,2,50.2,49.8,Medium Priority
48,1,17.0,-0.142,1.577,1.818,0.24,0,2,15,6,7.3,45,25,8,61.7,60.4,3.7,1.2,0,1,25.2,74.8,Low Priority
53,2,19.0,0.291,1.187,1.465,0.278,2,1,18,6,7.8,5,7,14,65.7,63.4,4.1,2.8,0,1,23.7,76.3,Low Priority
78,2,22.0,1.207,1.109,1.263,0.154,0,3,12,4,7.9,65,23,7,61.0,61.5,3.6,3.9,0,1,19.0,81.0,Low Priority
37,1,21.0,0.661,1.256,2.021,0.765,1,2,20,5,5.9,104,70,9,82.2,47.8,2.9,3.5,0,0,47.2,52.8,Medium Priority
42,1,14.0,-0.069,1.103,1.4,0.296,1,3,14,6,7.5,110,99,20,76.0,54.7,3.2,4.5,0,3,58.4,41.6,High Priority
48,1,20.0,0.265,1.457,1.654,0.196,0,3,14,6,7.0,93,54,6,76.6,65.5,3.3,3.5,0,1,39.0,61.0,Low Priority
38,2,17.0,0.646,1.059,1.661,0.603,0,3,18,6,6.4,51,2,6,72.6,53.2,3.5,2.4,0,2,35.9,64.1,Low Priority
46,2,9.0,-1.791,1.866,1.876,0.01,0,3,10,6,6.5,55,49,8,68.4,55.3,2.9,4.4,0,0,33.5,66.5,Low Priority
65,1,18.0,0.047,1.626,2.206,0.58,2,3,11,6,5.9,34,12,9,72.0,57.4,3.4,4.4,0,0,40.7,59.3,Medium Priority
59,2,16.0,0.336,1.33,2.238,0.908,4,3,19,5,6.1,83,17,6,71.3,52.7,4.4,4.8,0,1,42.8,57.2,Medium Priority
77,1,21.0,0.789,1.527,2.09,0.563,1,3,19,6,6.0,20,9,7,73.9,57.0,3.5,2.4,0,0,26.9,73.1,Low Priority
74,1,17.0,0.583,0.949,1.532,0.583,1,2,23,6,6.2,98,67,11,77.8,45.5,2.9,3.7,0,1,51.4,48.6,Medium Priority
55,2,21.0,0.37,1.91,2.559,0.649,3,2,19,6,6.3,11,47,8,79.8,57.6,3.2,2.2,0,0,41.4,58.6,Medium Priority
51,2,6.0,-1.217,1.191,2.078,0.888,0,3,7,5,6.9,34,42,3,72.4,60.9,3.9,2.9,0,0,23.5,76.5,Low Priority
56,2,17.0,0.168,1.299,2.045,0.746,0,3,17,6,6.4,82,49,7,67.7,52.8,3.9,3.1,0,0,37.2,62.8,Low Priority
66,2,17.0,0.279,0.898,1.425,0.527,1,3,11,6,7.7,72,12,7,66.5,58.3,4.7,5.2,0,1,29.2,70.8,Low Priority
52,1,16.0,-0.368,1.439,2.098,0.659,2,1,25,6,6.2,21,26,10,80.3,58.1,3.4,2.7,0,0,32.9,67.1,Low Priority
67,2,14.0,0.022,1.071,1.222,0.15,2,3,12,6,6.7,76,45,5,62.5,52.0,3.6,4.9,0,0,26.9,73.1,Low Priority
58,1,16.0,-0.517,1.35,1.973,0.622,0,2,13,6,7.0,65,45,9,75.5,50.7,2.9,2.1,0,0,43.2,56.8,Medium Priority
64,2,19.0,0.403,1.201,1.318,0.116,0,2,13,6,6.9,123,70,10,68.7,55.8,3.1,4.1,0,0,36.6,63.4,Low Priority
59,1,17.0,0.466,1.078,1.376,0.298,0,3,10,6,7.0,14,15,9,62.9,68.1,3.3,3.8,0,0,20.4,79.6,Low Priority
53,2,18.0,-0.342,1.141,0.7,-0.441,0,2,6,5,5.8,106,66,8,75.0,58.6,3.1,5.7,0,0,36.3,63.7,Low Priority
81,1,18.0,0.388,1.379,1.895,0.516,0,3,19,6,6.7,39,26,6,79.1,53.2,3.6,1.8,0,0,36.7,63.3,Low Priority
72,1,21.0,1.025,1.031,1.25,0.219,2,3,17,6,5.8,84,49,9,73.9,45.9,3.3,4.5,0,1,44.9,55.1,Medium Priority
44,2,22.0,0.817,1.154,1.872,0.718,0,3,7,6,5.9,58,27,5,73.0,54.3,3.1,4.1,0,1,33.3,66.7,Low Priority
76,1,19.0,0.665,1.48,1.993,0.513,2,3,16,4,5.6,156,133,6,75.5,45.4,2.8,4.8,0,3,64.2,35.8,High Priority
62,2,17.0,-0.99,1.928,2.649,0.721,0,2,14,6,5.6,49,8,11,73.6,51.0,2.3,3.9,0,0,43.9,56.1,Medium Priority
78,1,15.0,-0.661,1.437,1.532,0.094,1,2,11,4,6.5,81,50,13,64.5,64.4,3.1,2.2,0,0,27.3,72.7,Low Priority
74,1,22.0,0.701,1.115,1.812,0.697,0,3,9,3,6.4,64,38,3,72.1,54.3,3.4,2.7,0,1,33.5,66.5,Low Priority
59,1,13.0,-0.401,1.242,2.242,1.0,0,3,18,6,6.8,29,8,8,70.2,45.6,2.8,3.8,0,0,40.2,59.8,Medium Priority
38,1,17.0,0.082,1.334,1.953,0.619,0,3,15,5,6.7,34,3,9,59.8,56.3,3.9,3.2,0,3,30.3,69.7,Low Priority
52,2,17.0,-0.294,1.246,1.873,0.626,6,1,13,5,5.0,107,72,7,85.6,49.9,2.6,4.7,0,0,55.3,44.7,High Priority
64,1,17.0,-0.091,1.536,1.986,0.45,2,3,14,6,6.5,12,7,8,62.3,59.0,3.8,2.5,0,1,24.2,75.8,Low Priority
67,2,16.0,-0.652,1.377,1.63,0.253,0,3,6,5,7.0,30,9,7,65.7,59.1,4.4,3.7,0,0,18.1,81.9,Low Priority
51,2,21.0,0.959,1.537,2.155,0.618,0,3,12,6,6.3,175,172,16,84.2,40.8,2.5,6.7,0,2,76.8,23.2,Immediate Priority
44,1,15.0,-0.228,1.254,1.229,-0.026,4,3,8,5,6.7,85,56,6,76.1,46.8,3.6,5.1,0,0,45.4,54.6,Medium Priority
75,2,20.0,-0.2,1.633,1.917,0.283,0,2,9,6,6.7,27,12,6,63.9,58.2,4.2,3.2,0,1,21.3,78.7,Low Priority
82,2,15.0,-0.528,1.289,1.188,-0.101,0,2,15,6,7.5,89,40,9,55.6,59.2,3.7,3.8,0,1,27.6,72.4,Low Priority
63,2,14.0,0.257,1.103,1.305,0.202,1,3,20,6,6.0,80,34,2,75.8,57.2,3.0,3.4,0,1,35.8,64.2,Low Priority
46,1,22.0,0.182,1.83,2.414,0.584,4,3,11,5,5.9,89,83,10,72.0,49.7,2.2,3.0,0,2,59.6,40.4,High Priority
52,1,16.0,-0.47,0.905,1.451,0.546,0,2,9,5,7.8,87,58,8,72.3,65.6,3.6,3.8,0,1,34.1,65.9,Low Priority
38,2,21.0,0.579,1.156,1.573,0.416,0,3,14,5,7.7,125,80,6,70.8,51.9,3.3,4.3,0,1,37.9,62.1,Low Priority
79,2,19.0,0.562,1.182,1.633,0.45,4,2,18,6,7.0,35,10,4,55.0,53.4,4.3,5.1,0,3,32.2,67.8,Low Priority
44,2,14.0,-0.818,1.906,1.773,-0.134,0,1,16,6,7.0,57,46,7,61.4,53.7,3.1,2.4,0,0,26.5,73.5,Low Priority
65,1,22.0,0.643,1.744,2.041,0.296,0,3,18,5,7.5,5,1,5,62.5,57.0,4.0,3.8,0,0,14.9,85.1,Low Priority
52,2,17.0,-0.25,1.672,1.881,0.208,1,2,13,5,7.7,54,3,9,55.0,57.6,3.5,3.3,0,1,24.3,75.7,Low Priority
64,2,21.0,0.761,1.251,1.465,0.215,2,3,16,5,6.7,108,56,6,64.3,63.0,3.2,4.4,0,0,33.1,66.9,Low Priority
68,2,16.0,-0.762,1.887,2.46,0.572,0,3,7,6,5.7,25,1,5,73.7,53.9,3.0,3.5,0,2,34.3,65.7,Low Priority
75,1,21.0,0.392,1.412,1.57,0.158,18,2,11,6,5.2,88,39,1,72.9,62.0,2.8,2.6,0,1,35.5,64.5,Low Priority
48,2,10.0,-1.546,1.553,1.783,0.23,1,0,11,6,8.5,37,82,9,68.1,58.3,3.3,2.3,0,0,32.4,67.6,Low Priority
37,1,19.0,0.58,1.369,1.178,-0.191,0,3,13,6,6.1,84,21,6,71.7,52.2,3.3,2.7,0,1,24.6,75.4,Low Priority
44,1,21.0,0.405,1.316,1.634,0.318,15,2,20,6,5.3,28,2,6,63.3,51.1,4.5,2.6,0,1,28.9,71.1,Low Priority
78,2,22.0,0.968,1.269,1.362,0.093,0,3,18,5,6.1,89,56,3,66.1,59.6,3.6,3.2,0,1,30.2,69.8,Low Priority
77,1,22.0,0.588,1.279,1.703,0.424,0,3,7,6,6.8,140,119,7,77.0,44.7,3.3,6.9,0,3,62.8,37.2,High Priority
66,1,21.0,0.232,1.468,1.599,0.132,1,3,8,6,6.0,120,56,9,79.0,56.0,3.1,4.2,0,0,37.7,62.3,Low Priority
66,1,21.0,0.53,1.412,1.844,0.432,0,3,11,6,6.6,41,38,7,65.0,53.7,3.5,1.0,0,0,25.8,74.2,Low Priority
68,2,16.0,-0.524,1.32,1.681,0.361,0,1,10,6,5.6,77,11,11,71.7,50.5,3.1,3.6,0,1,36.6,63.4,Low Priority
46,2,17.0,-0.233,1.676,2.553,0.877,0,2,14,6,6.6,39,0,6,74.2,62.7,4.7,4.2,0,1,31.9,68.1,Low Priority
79,1,17.0,0.998,0.642,1.185,0.543,0,2,19,6,7.8,98,53,9,71.5,57.8,3.7,6.4,0,1,42.5,57.5,Medium Priority
59,2,18.0,0.423,1.445,1.324,-0.12,2,3,22,6,6.6,32,11,6,66.7,55.6,3.4,2.9,0,1,22.9,77.1,Low Priority
57,2,18.0,-0.106,1.493,1.536,0.043,1,3,15,6,6.7,84,87,11,69.2,52.7,2.7,3.6,0,1,37.8,62.2,Low Priority
63,1,19.0,0.08,1.592,2.01,0.418,60,2,17,6,3.5,81,28,6,86.4,43.2,2.8,4.1,0,1,53.4,46.6,Medium Priority
40,2,16.0,-0.463,1.312,1.45,0.138,0,0,13,5,7.0,71,34,8,68.4,69.8,4.0,4.4,0,1,30.1,69.9,Low Priority
46,2,20.0,0.184,1.375,0.934,-0.441,0,3,9,6,7.2,127,63,10,71.0,64.4,3.8,3.7,0,0,36.9,63.1,Low Priority
71,2,16.0,-0.079,1.555,2.34,0.785,0,3,13,6,6.8,93,68,16,75.5,48.9,2.9,4.1,0,1,52.7,47.3,Medium Priority
42,1,17.0,-0.053,1.671,2.278,0.607,0,3,13,6,7.2,65,46,8,68.2,52.5,3.1,3.7,0,0,35.6,64.4,Low Priority
66,2,19.0,0.574,1.258,1.808,0.55,0,3,16,6,6.2,189,125,14,79.4,37.3,3.2,6.3,0,3,71.4,28.6,Immediate Priority
50,2,21.0,0.394,1.389,1.618,0.23,2,3,9,6,6.5,240,180,9,76.9,45.3,3.1,7.1,0,2,67.3,32.7,High Priority
57,1,20.0,-0.12,1.715,2.238,0.523,3,3,11,5,6.7,162,132,8,76.6,43.1,2.6,4.6,0,1,68.7,31.3,High Priority
53,1,20.0,0.369,0.836,1.038,0.202,11,3,11,6,5.4,89,78,10,76.5,52.2,3.3,4.7,0,0,47.6,52.4,Medium Priority
55,1,15.0,0.131,1.168,1.628,0.46,0,3,22,5,5.6,105,55,7,69.0,42.0,2.4,4.5,0,0,47.2,52.8,Medium Priority
71,1,19.0,-0.056,1.666,1.806,0.141,3,3,12,6,6.6,71,48,6,64.6,54.7,3.0,3.9,0,0,32.6,67.4,Low Priority
53,2,14.0,-0.426,1.579,2.412,0.833,0,2,16,6,6.6,48,4,2,73.0,64.5,3.2,2.2,0,2,34.5,65.5,Low Priority
64,1,18.0,-0.052,1.448,1.404,-0.044,0,2,16,5,6.5,37,14,12,65.8,59.1,3.7,4.0,0,0,24.8,75.2,Low Priority
61,1,18.0,0.057,1.223,1.975,0.752,3,3,9,5,6.0,69,0,9,70.7,52.2,3.5,2.7,0,0,39.6,60.4,Low Priority
68,2,13.0,-0.356,1.123,1.536,0.413,1,3,14,6,6.3,18,6,4,59.6,58.3,3.6,4.8,0,0,26.1,73.9,Low Priority
80,1,17.0,0.595,1.19,1.453,0.263,0,3,19,6,6.4,68,26,5,73.6,57.0,4.0,2.4,0,2,23.9,76.1,Low Priority
71,2,22.0,0.097,1.685,2.134,0.449,0,1,12,4,6.9,24,7,9,69.0,68.8,3.5,3.9,0,1,28.3,71.7,Low Priority
48,1,22.0,1.389,1.182,1.792,0.61,0,3,21,6,6.0,126,104,8,81.7,46.8,3.0,2.7,0,2,58.1,41.9,High Priority
39,1,18.0,0.172,1.35,2.141,0.79,1,3,9,6,6.3,92,73,8,77.7,44.4,2.5,1.6,0,0,50.4,49.6,Medium Priority
51,1,13.0,-1.096,1.153,1.644,0.491,0,2,6,5,6.3,51,3,5,61.5,58.1,3.9,2.9,0,1,23.7,76.3,Low Priority
66,1,16.0,-0.018,1.522,1.671,0.149,13,3,19,6,4.9,64,12,8,73.7,53.7,3.6,1.1,0,1,37.5,62.5,Low Priority
40,1,18.0,0.928,1.203,1.62,0.418,0,3,18,6,7.3,119,76,12,66.9,58.5,3.6,5.8,0,1,43.8,56.2,Medium Priority
62,2,22.0,1.495,1.304,2.222,0.918,0,3,26,6,6.1,100,73,11,72.0,53.5,3.3,4.5,0,1,50.4,49.6,Medium Priority
66,2,15.0,-0.035,0.938,1.723,0.785,0,3,15,6,6.9,163,130,12,79.9,59.2,2.5,7.4,0,2,69.3,30.7,High Priority
54,1,20.0,1.112,0.954,1.614,0.66,0,3,21,5,5.9,232,180,9,90.8,39.9,1.7,6.9,0,2,80.5,19.5,Immediate Priority
72,2,15.0,0.087,1.329,1.957,0.628,0,3,17,5,6.2,221,168,6,88.6,39.8,2.4,7.2,0,1,72.8,27.2,Immediate Priority
43,2,22.0,1.043,1.021,1.622,0.601,1,3,18,5,7.2,5,23,2,73.2,50.2,4.1,2.3,0,3,32.2,67.8,Low Priority
42,2,18.0,-0.612,1.813,2.544,0.731,3,3,14,6,7.6,35,12,6,68.5,61.2,4.6,2.2,0,1,25.6,74.4,Low Priority
71,1,21.0,0.68,0.851,1.123,0.272,4,2,11,6,5.6,87,63,8,72.7,48.8,2.9,3.8,0,1,53.2,46.8,Medium Priority
62,1,17.0,0.428,1.142,1.159,0.017,2,3,21,6,6.8,62,16,10,63.4,65.1,3.8,2.3,0,1,21.0,79.0,Low Priority
69,1,20.0,0.003,1.331,1.752,0.422,2,2,12,6,6.8,101,73,12,69.7,51.3,3.6,5.0,0,0,46.0,54.0,Medium Priority
59,2,16.0,-0.017,1.243,1.412,0.17,1,3,13,6,6.5,81,34,6,73.6,65.8,3.9,3.8,0,2,36.0,64.0,Low Priority
50,2,15.0,0.01,1.072,1.174,0.102,2,3,12,6,7.4,74,71,12,77.3,51.0,3.1,3.9,0,0,41.8,58.2,Medium Priority
74,1,22.0,0.92,1.106,1.303,0.197,0,3,13,6,6.5,50,14,2,64.6,64.3,3.6,6.9,0,1,25.8,74.2,Low Priority
74,1,22.0,0.712,1.098,2.206,1.108,0,3,12,5,6.5,83,31,8,63.6,59.0,3.3,3.7,0,1,41.0,59.0,Medium Priority
69,2,21.0,0.021,1.261,1.701,0.441,0,2,5,4,6.4,30,37,7,67.4,58.3,3.0,3.5,0,0,27.1,72.9,Low Priority
52,2,20.0,-0.021,1.778,2.283,0.505,0,3,19,6,7.1,220,128,11,80.9,42.7,3.4,6.8,0,1,68.6,31.4,High Priority
66,2,21.0,0.335,1.345,1.4,0.055,0,2,12,6,6.5,72,13,5,77.4,61.7,3.7,5.3,0,1,34.9,65.1,Low Priority
55,2,14.0,-1.315,1.6,1.479,-0.122,6,2,14,6,6.2,154,124,9,81.6,49.4,2.4,5.9,0,3,68.9,31.1,High Priority
42,1,17.0,-0.294,1.444,1.614,0.169,0,3,7,6,7.4,82,73,11,75.1,47.0,3.4,3.8,0,3,44.7,55.3,Medium Priority
79,2,17.0,-0.731,1.584,2.395,0.81,0,2,0,6,5.7,84,59,4,72.8,56.6,2.9,6.9,0,1,45.3,54.7,Medium Priority
44,2,20.0,0.669,0.68,1.177,0.497,0,3,9,6,7.1,101,69,14,66.1,55.6,3.3,3.5,0,1,37.9,62.1,Low Priority
81,1,18.0,0.515,1.257,1.829,0.572,0,3,15,6,5.6,82,41,3,70.0,59.5,2.9,3.9,0,2,30.0,70.0,Low Priority
60,2,15.0,-0.455,1.629,2.241,0.612,0,3,6,6,5.8,79,12,10,70.6,53.0,4.0,5.2,0,0,32.6,67.4,Low Priority
47,2,19.0,0.048,1.195,1.429,0.234,0,3,19,6,7.2,27,9,8,70.2,66.2,3.5,2.1,0,0,27.3,72.7,Low Priority
64,1,21.0,-0.493,1.734,2.53,0.796,0,1,9,6,5.7,134,90,8,85.9,41.3,2.3,6.1,0,2,66.2,33.8,High Priority
77,2,18.0,-1.397,1.67,1.892,0.222,0,1,8,6,6.3,55,58,6,72.9,53.9,2.9,3.0,0,1,37.1,62.9,Low Priority
71,2,15.0,-0.274,1.219,2.02,0.801,2,3,8,6,6.7,29,10,4,69.8,58.1,4.5,4.3,0,0,28.1,71.9,Low Priority
74,2,16.0,-0.36,1.211,1.738,0.528,1,3,2,6,6.3,81,42,8,69.2,53.1,2.9,5.3,0,0,39.8,60.2,Low Priority
68,1,16.0,-0.193,1.093,0.987,-0.106,0,3,16,6,7.7,73,26,8,65.1,59.0,4.0,3.9,0,0,22.7,77.3,Low Priority
69,1,17.0,0.817,1.182,1.371,0.19,0,3,18,6,7.1,18,7,4,67.1,46.1,3.8,1.7,0,2,29.3,70.7,Low Priority
75,2,20.0,0.269,1.042,0.937,-0.105,0,1,14,4,7.5,52,34,9,60.1,58.0,3.8,3.1,0,2,26.1,73.9,Low Priority
51,1,19.0,-0.1,1.426,2.158,0.732,2,3,8,5,7.1,80,14,7,74.3,61.2,4.1,4.1,0,0,33.8,66.2,Low Priority
62,2,20.0,0.945,0.991,1.386,0.395,0,3,10,6,7.1,63,4,2,63.9,54.8,3.3,4.8,0,2,33.3,66.7,Low Priority
49,2,18.0,-0.567,1.466,1.236,-0.231,0,2,12,6,8.0,63,28,7,68.9,57.2,3.4,4.1,0,0,24.3,75.7,Low Priority
83,1,21.0,0.039,1.472,1.981,0.509,2,1,22,6,7.0,14,40,5,71.9,48.8,3.8,3.4,0,1,29.4,70.6,Low Priority
80,2,16.0,-0.585,0.943,1.193,0.249,0,2,9,5,6.8,94,2,16,68.2,62.5,3.7,4.8,0,1,29.3,70.7,Low Priority
39,2,19.0,-0.03,1.685,1.666,-0.019,0,1,16,5,7.6,52,23,5,62.7,56.0,3.8,4.6,0,1,25.9,74.1,Low Priority
70,1,21.0,0.529,1.446,2.324,0.879,0,3,12,5,6.5,35,13,8,70.0,61.5,3.9,3.0,0,1,28.5,71.5,Low Priority
79,2,16.0,-0.435,1.5,1.933,0.432,4,2,10,6,6.1,17,1,12,71.6,60.1,3.1,3.0,0,0,34.8,65.2,Low Priority
46,2,15.0,-0.25,1.152,1.47,0.319,2,2,12,6,6.9,45,6,4,66.0,61.5,4.1,3.4,0,1,24.4,75.6,Low Priority
65,2,21.0,0.038,1.471,1.759,0.289,1,2,6,6,7.3,45,6,5,60.5,62.2,4.2,2.9,0,2,18.0,82.0,Low Priority
79,2,17.0,0.056,1.587,1.559,-0.028,0,3,17,6,7.1,62,9,3,66.7,56.8,3.9,5.0,0,0,21.2,78.8,Low Priority
39,2,20.0,0.395,1.304,1.336,0.032,0,3,9,5,8.1,79,73,5,69.1,55.6,3.7,5.3,0,1,36.9,63.1,Low Priority
70,2,12.0,-1.056,1.789,2.556,0.767,11,2,16,6,6.0,48,26,9,80.0,55.3,3.7,4.9,0,0,43.4,56.6,Medium Priority
53,2,20.0,0.03,1.337,1.605,0.267,7,3,5,5,6.6,87,7,4,72.8,63.4,3.4,3.3,0,0,38.2,61.8,Low Priority
79,2,17.0,-0.05,1.591,1.999,0.408,0,2,22,6,6.0,39,4,4,68.8,59.1,3.8,3.7,0,0,21.2,78.8,Low Priority
82,2,13.0,-0.598,1.395,1.216,-0.179,2,3,8,6,6.8,40,15,5,65.0,58.1,4.2,4.6,0,1,26.2,73.8,Low Priority
81,1,20.0,-0.208,1.462,1.49,0.028,0,0,19,6,6.9,77,71,11,69.4,53.4,3.4,5.8,0,2,36.2,63.8,Low Priority
61,2,17.0,0.304,0.941,1.516,0.575,0,3,17,6,7.3,62,20,5,67.5,55.8,3.7,1.9,0,2,30.6,69.4,Low Priority
76,1,18.0,0.247,1.413,1.922,0.509,1,3,22,6,6.9,62,7,5,72.4,62.6,4.7,3.7,0,1,25.5,74.5,Low Priority
75,1,14.0,0.054,1.157,2.057,0.9,0,3,12,4,6.6,74,23,2,76.6,46.2,3.6,3.8,0,0,33.5,66.5,Low Priority
54,1,15.0,-0.194,1.131,1.915,0.783,4,2,16,5,6.4,59,36,7,79.0,43.7,3.9,5.6,0,2,54.7,45.3,Medium Priority
75,2,17.0,-0.206,1.73,2.066,0.336,0,3,11,6,7.0,40,1,5,64.3,48.7,3.6,1.0,0,1,22.3,77.7,Low Priority
39,2,14.0,-0.645,1.278,1.814,0.536,0,3,8,6,6.2,115,44,6,72.1,43.1,3.6,3.5,0,1,40.9,59.1,Medium Priority
66,2,22.0,0.319,1.095,1.407,0.312,3,2,12,5,7.7,78,22,16,63.4,68.9,3.6,5.8,0,2,43.4,56.6,Medium Priority
49,2,9.0,-1.191,1.244,2.23,0.986,3,3,8,6,5.0,10,0,4,66.5,55.7,3.2,2.1,0,3,36.5,63.5,Low Priority
44,2,19.0,0.733,1.027,1.755,0.728,0,2,24,6,7.6,16,50,5,65.4,52.1,3.4,1.3,0,2,33.4,66.6,Low Priority
42,2,15.0,-1.122,1.658,2.108,0.45,0,2,6,6,6.5,93,56,13,70.6,52.1,3.8,6.2,0,0,35.4,64.6,Low Priority
70,2,17.0,0.266,1.166,1.625,0.459,1,2,14,6,7.3,93,44,7,69.4,65.6,3.5,2.6,0,0,29.2,70.8,Low Priority
55,1,22.0,0.701,1.449,2.262,0.812,0,3,14,6,6.6,20,18,4,73.8,58.1,3.2,4.1,0,1,38.7,61.3,Low Priority
71,1,16.0,0.079,1.64,2.207,0.567,8,3,13,6,6.0,62,33,9,70.7,63.2,3.3,1.9,0,0,39.2,60.8,Low Priority
41,2,22.0,0.992,1.211,2.056,0.845,3,3,15,6,6.6,45,22,4,69.6,55.5,3.9,1.7,0,4,37.1,62.9,Low Priority
54,2,16.0,-1.126,1.45,1.229,-0.221,0,2,7,6,7.5,86,54,14,66.5,56.4,3.3,4.5,0,1,37.4,62.6,Low Priority
64,1,20.0,0.898,1.089,1.622,0.533,0,3,13,6,6.6,55,39,6,71.2,50.9,3.2,2.6,0,1,32.4,67.6,Low Priority
73,1,19.0,-0.833,1.892,2.148,0.256,0,2,10,6,7.1,65,3,7,69.0,58.8,4.1,4.1,0,0,28.6,71.4,Low Priority
54,2,21.0,0.785,1.543,2.444,0.901,3,3,21,5,5.4,79,46,6,70.8,53.4,3.7,6.2,0,0,35.9,64.1,Low Priority
67,1,19.0,0.359,1.283,2.124,0.841,0,3,16,5,6.5,60,52,3,68.8,53.4,2.7,3.5,0,2,41.9,58.1,Medium Priority
77,2,19.0,1.061,1.148,1.56,0.411,0,2,23,6,7.3,72,20,5,64.9,58.7,3.5,5.9,0,1,32.1,67.9,Low Priority
66,2,16.0,-0.069,1.301,2.139,0.838,0,3,4,6,7.1,91,93,13,68.7,57.8,3.0,4.7,0,3,48.8,51.2,Medium Priority
50,1,16.0,-0.497,1.248,2.157,0.908,1,2,10,6,6.7,145,83,11,66.8,53.6,2.8,6.5,0,0,51.9,48.1,Medium Priority
38,1,22.0,0.115,1.778,2.201,0.423,0,3,8,5,6.2,62,8,11,61.9,54.7,3.8,1.0,0,0,24.8,75.2,Low Priority
77,2,17.0,-0.04,1.044,2.148,1.104,0,3,2,6,7.0,169,105,10,74.6,46.5,3.7,6.6,0,2,57.7,42.3,High Priority
38,2,18.0,0.216,1.358,1.751,0.393,4,3,9,6,6.0,52,26,8,73.2,53.7,3.2,4.1,0,0,34.6,65.4,Low Priority
77,2,20.0,0.57,1.323,1.664,0.341,3,3,15,6,7.6,74,57,8,70.7,60.2,4.2,3.5,0,1,35.1,64.9,Low Priority
63,2,17.0,-0.236,1.3,1.948,0.648,2,3,9,5,6.4,107,75,13,82.8,47.6,2.4,6.9,0,0,57.6,42.4,High Priority
80,1,22.0,0.053,1.302,1.603,0.302,0,1,13,6,5.9,58,31,5,71.4,48.6,3.5,3.1,0,2,34.3,65.7,Low Priority
74,2,20.0,0.743,1.3,1.726,0.426,0,3,19,4,6.0,35,22,9,71.1,53.0,3.3,1.3,0,0,28.1,71.9,Low Priority
83,2,19.0,0.508,1.529,2.331,0.802,1,3,15,6,6.3,127,111,18,76.9,46.6,3.0,6.0,0,2,62.9,37.1,High Priority
55,2,21.0,-0.066,1.468,1.875,0.407,0,1,11,6,6.7,31,11,4,66.5,64.8,2.9,1.4,0,2,25.7,74.3,Low Priority
72,1,13.0,-0.991,1.424,1.344,-0.079,3,2,11,6,7.9,13,13,8,73.6,57.9,3.3,2.9,0,0,28.2,71.8,Low Priority
58,2,17.0,0.802,0.626,1.132,0.506,1,3,12,6,6.4,66,20,8,73.6,60.3,3.8,5.4,0,0,35.5,64.5,Low Priority
61,2,19.0,0.018,1.396,1.601,0.204,0,3,8,6,6.8,116,88,13,73.3,51.9,2.8,5.4,0,1,46.2,53.8,Medium Priority
67,1,16.0,0.53,0.945,1.592,0.648,3,3,14,6,5.9,147,125,10,74.8,46.3,2.5,5.1,0,3,67.2,32.8,High Priority
77,1,20.0,0.499,1.476,2.076,0.6,6,2,11,6,5.8,13,11,10,75.5,61.7,4.2,2.3,0,2,37.6,62.4,Low Priority
82,2,22.0,0.564,1.668,2.487,0.82,0,3,18,6,7.3,89,89,16,77.0,51.5,3.3,5.8,0,1,48.9,51.1,Medium Priority
72,1,18.0,0.418,1.113,1.773,0.66,1,2,16,6,6.0,91,13,9,78.2,51.2,3.9,2.9,0,2,43.7,56.3,Medium Priority
59,1,17.0,0.049,1.267,1.978,0.712,0,3,14,6,6.9,172,158,11,82.0,50.9,2.2,6.9,0,3,74.8,25.2,Immediate Priority
59,1,22.0,0.748,1.189,1.401,0.212,0,3,11,6,7.2,85,40,1,67.3,63.0,3.1,6.8,0,1,25.1,74.9,Low Priority
71,2,18.0,-0.448,1.612,2.243,0.63,0,2,9,5,6.4,34,0,8,70.4,51.4,3.6,3.8,0,0,27.6,72.4,Low Priority
50,2,19.0,0.418,1.349,2.31,0.961,1,3,16,5,6.6,5,1,7,70.3,50.7,3.2,2.3,0,0,31.0,69.0,Low Priority
43,2,18.0,1.727,1.726,1.933,0.206,6,8,12,5,5.4,81,7,7,71.3,56.0,3.3,3.9,0,2,42.0,58.0,Medium Priority
55,1,22.0,0.427,1.423,2.336,0.913,0,3,9,6,7.4,56,9,7,74.7,58.2,4.0,3.0,0,0,29.2,70.8,Low Priority
53,2,19.0,0.225,1.383,1.629,0.246,0,3,8,5,8.0,75,65,11,72.0,56.2,3.5,3.2,0,0,35.2,64.8,Low Priority
53,2,20.0,-0.119,1.343,1.503,0.16,1,3,8,6,6.8,40,11,8,70.5,65.0,3.8,3.4,0,1,28.5,71.5,Low Priority
50,2,21.0,0.649,1.516,2.002,0.486,0,3,16,6,8.0,157,156,7,81.6,47.1,3.1,6.5,0,2,66.1,33.9,High Priority
40,2,17.0,-0.034,0.926,1.531,0.605,2,1,9,6,6.5,120,45,4,61.8,57.9,2.8,6.8,0,3,46.1,53.9,Medium Priority
38,1,18.0,-0.17,1.347,2.008,0.661,0,2,13,6,6.8,60,53,6,71.1,60.2,2.9,1.4,0,1,30.4,69.6,Low Priority
83,2,21.0,-0.2,1.311,1.44,0.129,0,2,12,6,7.8,27,11,9,64.4,61.3,3.0,1.0,0,0,21.7,78.3,Low Priority
59,1,18.0,0.118,1.495,2.02,0.525,0,3,14,5,6.3,111,100,10,74.5,39.7,2.7,6.7,0,1,53.6,46.4,Medium Priority
57,2,21.0,0.887,1.284,1.491,0.207,2,3,19,6,5.9,81,49,8,67.8,51.8,3.6,4.2,0,0,33.8,66.2,Low Priority
69,1,22.0,1.283,1.087,1.066,-0.021,0,3,18,6,6.2,153,89,8,65.9,54.1,3.7,5.7,0,0,40.5,59.5,Medium Priority
49,1,20.0,0.841,1.329,1.467,0.138,2,3,12,6,8.0,215,141,9,70.3,58.2,3.1,7.4,0,2,63.0,37.0,High Priority
81,1,20.0,0.181,1.077,1.266,0.189,0,3,2,5,6.7,26,6,9,71.2,58.1,4.3,2.8,0,1,27.0,73.0,Low Priority
73,2,21.0,0.779,0.882,1.432,0.55,0,3,12,6,6.8,43,4,2,73.8,69.2,4.0,5.7,0,1,27.2,72.8,Low Priority
42,1,21.0,0.267,1.495,2.224,0.729,0,3,14,6,5.8,105,73,10,73.9,42.1,3.0,5.2,0,1,51.0,49.0,Medium Priority
59,2,18.0,0.155,1.461,1.444,-0.016,4,3,13,6,7.2,95,90,8,71.9,55.6,2.9,3.9,0,2,45.0,55.0,Medium Priority
77,1,13.0,-0.352,1.435,1.937,0.502,4,3,14,5,5.8,129,39,6,81.2,51.4,2.2,4.7,0,0,60.7,39.3,High Priority
81,1,18.0,-0.895,1.628,1.696,0.068,0,1,8,6,6.5,84,20,10,61.8,63.8,3.9,4.0,0,0,22.4,77.6,Low Priority
61,2,20.0,2.198,1.173,1.754,0.581,0,8,14,6,6.9,81,47,2,71.9,48.8,3.7,3.2,0,0,35.9,64.1,Low Priority
66,1,18.0,0.132,0.996,1.222,0.225,0,2,8,6,6.4,85,16,2,69.9,61.3,4.1,6.2,0,0,26.9,73.1,Low Priority
46,1,20.0,0.068,1.311,1.414,0.103,0,1,16,6,6.8,72,12,9,67.3,58.8,3.3,4.1,0,1,28.9,71.1,Low Priority
83,2,18.0,-0.0,1.247,1.876,0.629,0,3,10,6,7.5,62,30,8,73.7,66.5,4.7,2.3,0,1,25.9,74.1,Low Priority
49,1,20.0,0.355,1.132,1.368,0.235,3,2,15,6,7.0,48,10,4,59.9,56.7,3.7,3.9,0,0,19.8,80.2,Low Priority
80,1,16.0,-0.809,1.309,1.621,0.312,4,3,5,6,6.6,96,29,9,64.4,59.1,3.1,6.1,0,1,45.2,54.8,Medium Priority
68,1,20.0,0.57,1.186,0.957,-0.228,0,3,11,6,7.3,147,141,11,76.6,49.0,2.8,6.7,0,1,57.2,42.8,High Priority
66,2,19.0,0.808,0.903,1.574,0.671,0,3,15,5,6.6,153,82,11,67.9,54.0,3.2,4.6,0,1,54.1,45.9,Medium Priority
63,2,16.0,-0.331,1.225,1.86,0.635,3,2,9,6,7.6,151,127,11,79.0,49.7,2.9,4.2,0,1,61.9,38.1,High Priority
49,2,17.0,0.594,1.064,1.468,0.404,2,3,17,6,6.3,141,73,10,74.5,51.2,2.9,7.0,0,2,57.4,42.6,High Priority
46,2,20.0,0.552,1.381,1.349,-0.032,0,3,14,5,7.1,48,19,7,70.2,50.7,3.0,1.5,0,2,28.6,71.4,Low Priority
49,1,19.0,0.505,1.175,1.921,0.745,0,3,14,6,6.7,113,75,9,72.7,54.6,2.9,5.2,0,0,45.7,54.3,Medium Priority
47,1,16.0,-0.312,1.584,1.797,0.213,0,3,11,5,7.3,144,115,8,74.3,46.4,3.3,4.7,0,2,50.2,49.8,Medium Priority
73,2,22.0,0.089,1.697,1.971,0.273,0,3,12,6,7.3,148,132,9,67.9,44.0,2.5,7.0,0,1,58.5,41.5,High Priority
55,1,20.0,-0.287,1.484,2.543,1.059,0,1,14,6,6.2,74,51,4,72.8,42.7,2.5,2.7,0,1,47.1,52.9,Medium Priority
41,1,22.0,1.011,0.969,1.171,0.202,0,3,12,5,7.3,74,10,9,66.1,57.2,3.5,3.0,0,1,33.6,66.4,Low Priority
82,1,18.0,-0.138,1.675,2.287,0.613,1,3,15,6,6.5,5,1,7,66.8,59.0,3.6,3.3,0,1,21.1,78.9,Low Priority
77,1,19.0,0.173,1.691,2.253,0.562,0,3,12,5,5.1,6,7,3,76.3,53.7,3.0,3.6,0,1,34.6,65.4,Low Priority
79,2,21.0,-0.285,1.331,1.844,0.513,0,1,8,6,5.7,162,151,13,77.0,47.0,2.1,7.4,0,2,67.8,32.2,High Priority
83,1,19.0,-0.026,1.633,2.115,0.482,0,3,9,6,6.1,30,27,9,71.2,48.7,3.0,3.7,0,1,37.0,63.0,Low Priority
46,2,20.0,0.094,1.2,1.708,0.509,2,3,0,6,6.3,153,86,10,84.6,52.2,3.3,6.0,0,2,59.0,41.0,High Priority
57,1,17.0,0.23,0.896,1.375,0.479,2,2,10,5,6.1,89,28,8,64.6,53.4,3.6,5.5,0,0,36.6,63.4,Low Priority
72,2,18.0,0.683,1.151,1.539,0.387,0,3,16,5,7.3,92,48,6,67.9,63.0,4.5,2.7,0,0,18.0,82.0,Low Priority
70,1,15.0,-1.025,1.726,2.558,0.831,0,0,17,6,6.2,15,1,12,64.4,56.6,3.3,1.7,0,2,28.5,71.5,Low Priority
45,1,16.0,-0.342,0.983,1.012,0.029,11,3,8,6,6.2,75,12,5,65.3,56.2,3.3,2.5,0,3,39.0,61.0,Low Priority
74,2,6.0,-0.67,1.327,2.019,0.692,0,3,22,5,5.8,15,25,12,77.5,58.5,3.7,1.0,0,3,41.8,58.2,Medium Priority
49,2,13.0,-0.096,1.335,1.97,0.636,0,3,13,5,6.6,127,44,3,71.4,57.0,3.5,6.1,0,0,33.2,66.8,Low Priority
49,1,22.0,1.017,1.209,1.809,0.6,0,3,20,5,5.1,20,8,7,78.6,46.4,3.0,4.6,0,1,38.6,61.4,Low Priority
64,1,17.0,-0.234,1.225,1.944,0.719,0,1,15,6,6.5,88,65,7,76.4,44.3,3.3,4.9,0,0,44.0,56.0,Medium Priority
66,1,20.0,0.368,1.344,1.719,0.376,0,3,15,6,6.8,39,20,8,67.5,51.3,3.8,3.7,0,0,21.2,78.8,Low Priority
65,1,21.0,0.048,1.197,1.068,-0.129,3,3,6,5,7.0,79,76,9,65.8,65.2,2.5,4.2,0,0,33.4,66.6,Low Priority
42,1,19.0,-0.501,0.999,1.38,0.381,1,0,9,6,5.9,82,4,7,72.3,52.9,3.2,4.2,0,2,38.7,61.3,Low Priority
77,2,15.0,-0.775,1.377,1.497,0.121,0,3,1,5,7.0,100,51,6,70.4,66.6,3.4,6.5,0,1,37.2,62.8,Low Priority
52,1,20.0,0.275,1.575,1.769,0.194,4,3,15,6,5.8,75,15,4,63.5,49.7,4.0,5.9,0,0,32.4,67.6,Low Priority
44,1,19.0,-0.368,1.528,1.577,0.049,0,2,11,6,6.3,70,71,7,67.7,47.3,3.3,3.2,0,1,31.8,68.2,Low Priority
77,2,20.0,0.338,1.14,1.406,0.266,0,2,16,6,7.4,57,23,5,55.0,65.3,3.5,5.0,0,1,18.7,81.3,Low Priority
81,2,21.0,0.178,1.038,1.271,0.233,1,1,10,6,8.1,92,49,6,59.6,66.5,3.4,5.8,0,1,33.0,67.0,Low Priority
76,2,22.0,0.793,1.261,0.988,-0.273,1,3,17,6,7.1,158,122,12,71.5,56.7,3.3,6.4,0,1,51.5,48.5,Medium Priority
74,1,19.0,-0.089,1.689,2.29,0.601,0,3,7,6,5.9,5,0,7,67.8,58.0,2.5,3.1,0,0,31.3,68.7,Low Priority
68,1,17.0,-0.087,1.476,2.509,1.033,0,3,8,6,6.4,56,0,7,67.5,51.2,3.3,4.0,0,1,35.1,64.9,Low Priority
64,2,20.0,0.696,1.49,2.064,0.574,1,3,10,6,7.0,99,66,8,79.6,57.9,3.9,2.7,0,0,43.4,56.6,Medium Priority
42,1,14.0,-0.302,1.533,1.877,0.344,1,3,11,5,6.9,52,46,8,73.5,57.0,3.5,1.7,0,0,32.7,67.3,Low Priority
58,1,21.0,0.49,1.424,1.811,0.386,1,3,11,6,8.3,5,15,4,60.2,61.0,3.8,3.5,0,0,19.3,80.7,Low Priority
56,2,15.0,-1.006,1.355,1.637,0.282,0,0,16,6,6.4,75,30,4,73.1,56.7,2.8,2.7,0,0,33.5,66.5,Low Priority
51,2,17.0,-0.248,1.48,1.908,0.428,0,3,6,5,6.8,92,1,6,72.1,64.1,4.0,2.7,0,0,27.5,72.5,Low Priority
71,2,21.0,0.7,1.201,1.592,0.391,0,3,11,5,7.8,13,9,9,67.2,64.5,4.1,1.0,0,1,12.0,88.0,Low Priority
62,1,19.0,0.696,1.0,1.163,0.163,0,3,17,6,8.0,58,24,4,66.1,53.0,3.9,3.1,0,2,27.8,72.2,Low Priority
42,1,18.0,-0.077,1.494,2.374,0.88,5,3,5,5,4.8,137,80,8,85.4,48.7,2.7,5.7,0,2,67.8,32.2,High Priority
49,2,19.0,0.149,1.613,1.593,-0.02,0,3,21,6,6.8,27,29,4,71.7,62.0,3.6,3.6,0,2,30.2,69.8,Low Priority
69,1,21.0,1.22,1.069,1.675,0.606,0,3,24,6,7.7,57,39,4,64.5,57.6,3.9,4.7,0,0,24.0,76.0,Low Priority
42,2,17.0,-0.505,1.517,1.89,0.373,2,2,6,6,8.2,101,93,10,67.3,56.7,2.8,4.1,0,1,45.2,54.8,Medium Priority
76,2,21.0,0.092,1.715,2.657,0.942,0,3,10,6,6.6,70,16,6,69.1,54.6,3.2,4.0,0,1,39.8,60.2,Low Priority
62,2,14.0,-1.224,1.326,1.825,0.499,0,0,11,6,6.5,117,54,5,75.9,44.0,3.3,5.9,0,2,51.7,48.3,Medium Priority
61,1,21.0,0.862,1.138,1.438,0.3,2,3,16,6,6.2,122,89,10,71.1,49.6,3.2,5.5,0,1,51.2,48.8,Medium Priority
66,1,21.0,0.176,1.355,1.687,0.332,3,2,14,5,7.9,18,10,11,60.8,60.6,4.1,2.2,0,1,26.7,73.3,Low Priority
74,2,16.0,-0.19,1.2,1.613,0.413,1,1,14,6,7.2,37,19,8,71.3,59.0,3.4,3.6,0,0,29.9,70.1,Low Priority
55,2,18.0,0.27,1.185,1.262,0.077,0,3,16,5,6.5,189,175,9,79.0,44.0,2.6,3.9,0,2,62.2,37.8,High Priority
69,2,16.0,-0.282,1.427,1.611,0.184,1,3,7,5,6.6,185,180,7,87.4,48.4,2.1,6.2,0,3,70.2,29.8,Immediate Priority
64,1,20.0,0.766,0.957,0.852,-0.105,2,2,17,6,7.3,38,11,8,62.0,59.8,4.4,2.5,0,2,24.1,75.9,Low Priority
52,1,19.0,0.535,0.993,1.133,0.14,0,3,15,5,7.4,47,3,5,62.7,68.3,3.7,5.3,0,0,17.0,83.0,Low Priority
77,2,20.0,0.531,1.331,1.76,0.429,0,3,14,6,6.2,56,14,10,74.2,59.5,3.4,2.4,0,0,29.3,70.7,Low Priority
73,2,16.0,-0.512,1.322,1.809,0.487,3,1,19,4,6.1,51,22,9,64.1,62.1,3.3,3.7,0,1,36.3,63.7,Low Priority
68,2,16.0,0.27,1.406,1.246,-0.16,0,3,15,5,6.0,57,26,11,76.2,65.7,3.7,3.1,0,2,31.4,68.6,Low Priority
76,1,13.0,-1.197,1.76,2.123,0.363,1,3,8,5,7.0,70,43,4,63.0,64.1,3.3,3.2,0,2,30.0,70.0,Low Priority
76,2,17.0,-0.086,1.351,1.913,0.562,0,3,12,5,6.4,100,103,13,80.0,43.5,2.8,5.0,0,2,58.8,41.2,High Priority
70,2,19.0,-0.049,1.465,1.821,0.356,0,3,12,6,7.0,52,18,10,58.9,60.1,3.5,3.0,0,1,25.0,75.0,Low Priority
75,2,21.0,0.209,1.102,1.324,0.222,0,3,5,6,7.8,100,85,6,69.0,54.2,3.5,6.7,0,2,40.7,59.3,Medium Priority
70,1,20.0,0.728,1.504,1.789,0.285,2,2,22,6,6.7,5,4,8,61.0,75.1,3.8,1.0,0,2,25.2,74.8,Low Priority
69,1,18.0,-0.351,1.205,1.454,0.248,0,1,7,6,6.8,40,1,6,75.2,63.9,3.4,4.1,0,1,26.4,73.6,Low Priority
66,2,22.0,0.547,1.343,1.565,0.221,1,2,15,5,6.9,45,31,11,63.4,65.2,3.7,3.3,0,1,28.7,71.3,Low Priority
72,1,20.0,0.371,1.302,1.753,0.451,1,3,13,6,6.7,37,2,9,63.3,61.2,3.8,3.2,0,0,19.4,80.6,Low Priority
45,1,22.0,0.306,1.566,2.623,1.057,1,3,3,5,6.9,73,22,8,73.6,41.4,4.6,4.3,0,1,43.5,56.5,Medium Priority
77,2,19.0,0.733,1.024,1.215,0.191,5,3,20,6,6.8,108,102,7,69.9,49.7,2.8,5.9,0,3,59.1,40.9,High Priority
77,1,17.0,0.088,0.8,1.111,0.312,1,0,18,6,6.7,44,12,6,70.7,57.4,3.3,3.7,0,0,28.5,71.5,Low Priority
39,2,13.0,-0.804,1.278,1.665,0.387,0,2,13,6,7.4,39,55,5,65.0,55.5,3.5,4.5,0,0,28.2,71.8,Low Priority
75,1,20.0,0.098,1.435,1.642,0.207,5,3,9,6,7.1,84,16,8,63.0,61.6,3.3,4.2,0,0,34.7,65.3,Low Priority
44,2,15.0,-0.263,1.362,2.076,0.714,1,3,7,6,5.7,5,2,8,73.3,56.9,3.0,1.4,0,1,30.0,70.0,Low Priority
54,2,17.0,-0.604,1.612,1.34,-0.271,0,1,11,6,7.9,53,36,8,60.2,48.7,3.1,3.5,0,0,26.3,73.7,Low Priority
71,1,19.0,0.228,1.428,1.679,0.251,0,3,9,6,7.0,144,81,11,72.7,52.8,2.9,6.8,0,0,51.1,48.9,Medium Priority
45,1,19.0,0.259,1.197,1.831,0.634,2,3,13,6,6.7,47,23,4,75.7,54.6,3.3,2.9,0,0,30.9,69.1,Low Priority
74,1,19.0,1.091,0.79,1.108,0.318,0,3,22,6,7.7,43,43,15,69.1,68.5,3.3,2.1,0,1,27.1,72.9,Low Priority
75,1,16.0,0.1,1.272,1.441,0.169,1,3,14,6,6.5,150,103,5,76.5,54.5,2.8,6.2,0,1,53.4,46.6,Medium Priority
62,2,18.0,0.095,1.564,2.092,0.527,0,3,19,6,7.1,117,70,12,64.8,52.6,2.3,5.2,0,0,40.0,60.0,Medium Priority
36,2,20.0,0.873,1.236,1.896,0.659,0,3,14,5,6.4,23,9,7,69.6,58.1,3.9,2.0,0,2,23.0,77.0,Low Priority
53,1,22.0,0.205,1.334,1.795,0.462,1,3,12,6,5.7,75,59,2,72.1,42.8,2.8,3.7,0,0,46.0,54.0,Medium Priority
66,1,20.0,0.441,1.424,1.599,0.174,0,3,18,6,6.2,50,31,10,76.6,59.1,3.3,3.3,0,0,36.0,64.0,Low Priority
82,1,22.0,0.792,1.092,1.624,0.532,0,3,12,6,7.1,85,61,6,70.1,54.3,3.7,4.2,0,0,33.4,66.6,Low Priority
67,2,20.0,-0.013,1.471,1.759,0.288,1,3,18,5,6.1,12,30,6,60.0,50.8,3.5,3.5,0,1,28.4,71.6,Low Priority
51,1,19.0,-0.371,1.705,2.319,0.614,0,3,10,6,7.4,31,6,5,64.3,65.2,3.5,2.6,0,2,28.3,71.7,Low Priority
67,2,16.0,-0.1,1.287,2.11,0.823,1,3,7,6,7.1,111,37,12,68.3,57.6,3.7,5.6,0,1,45.4,54.6,Medium Priority
64,2,20.0,0.913,1.066,0.728,-0.338,2,3,18,6,8.0,37,30,6,55.3,61.7,4.6,2.6,0,0,15.6,84.4,Low Priority
73,2,20.0,0.849,1.312,1.745,0.434,2,3,14,6,6.6,47,32,11,73.3,53.5,3.2,5.4,0,1,43.2,56.8,Medium Priority
43,1,19.0,1.072,0.813,0.722,-0.091,0,2,19,6,7.5,95,95,9,63.2,60.1,3.6,6.4,0,1,38.6,61.4,Low Priority
72,2,19.0,0.139,1.405,2.5,1.095,0,1,21,5,5.6,146,101,6,81.6,46.0,2.2,4.4,0,1,65.3,34.7,High Priority
64,1,19.0,0.008,1.431,1.701,0.269,1,3,5,5,7.3,87,27,5,61.9,59.3,4.1,2.8,0,0,19.3,80.7,Low Priority
81,1,17.0,-0.216,1.714,2.328,0.614,4,3,13,6,6.3,86,27,8,79.9,47.4,3.1,5.4,0,3,63.2,36.8,High Priority
55,2,19.0,-0.217,1.282,1.674,0.392,2,3,11,6,7.0,30,32,6,66.8,52.5,3.2,3.4,0,0,37.4,62.6,Low Priority
67,2,16.0,-0.34,1.421,1.595,0.174,2,3,14,4,7.7,74,32,6,63.9,56.7,4.1,4.6,0,0,21.9,78.1,Low Priority
80,1,21.0,0.958,1.128,1.268,0.14,0,3,17,6,6.7,200,135,8,77.4,49.2,3.1,5.7,0,1,59.3,40.7,High Priority
43,1,16.0,0.055,1.245,2.097,0.852,0,3,10,6,6.4,89,47,6,69.3,53.1,3.0,4.1,0,0,45.6,54.4,Medium Priority
80,1,14.0,-0.462,0.975,1.648,0.673,0,1,13,6,7.0,55,14,10,73.0,58.6,3.7,3.2,0,2,39.0,61.0,Low Priority
69,1,18.0,0.171,1.282,2.236,0.954,0,3,15,6,5.9,52,34,6,72.5,51.4,3.0,3.9,0,1,43.3,56.7,Medium Priority
41,1,20.0,0.489,1.256,1.674,0.418,0,3,7,5,6.7,79,44,13,66.9,65.3,2.8,2.6,0,1,31.3,68.7,Low Priority
53,1,18.0,0.35,1.396,1.88,0.484,5,2,17,6,6.5,105,45,9,69.6,58.9,3.5,4.5,0,1,47.7,52.3,Medium Priority
70,2,17.0,0.458,1.183,1.509,0.326,0,3,14,6,6.7,77,39,13,64.3,63.0,3.3,2.5,0,0,30.0,70.0,Low Priority
41,2,19.0,0.857,1.346,1.667,0.32,0,3,21,6,7.6,6,8,7,64.0,64.0,3.6,2.0,0,0,18.4,81.6,Low Priority
65,2,17.0,-0.337,1.25,1.356,0.106,0,2,10,6,6.1,19,1,3,70.2,59.0,4.0,2.8,0,1,16.3,83.7,Low Priority
55,2,22.0,0.494,1.25,1.676,0.426,4,2,7,6,7.1,78,18,7,56.3,61.5,3.4,4.7,0,1,30.9,69.1,Low Priority
67,1,22.0,0.744,1.346,1.523,0.178,1,3,13,6,7.2,63,25,11,71.9,60.8,3.8,4.5,0,1,32.6,67.4,Low Priority
40,2,19.0,0.17,1.336,1.864,0.528,1,3,6,6,6.2,34,2,8,75.4,61.2,4.1,4.1,0,0,26.2,73.8,Low Priority
77,2,17.0,0.109,1.503,1.953,0.45,3,2,22,6,5.8,91,75,10,65.5,44.7,2.8,2.5,0,1,46.6,53.4,Medium Priority
82,2,20.0,-0.157,1.299,1.783,0.484,0,2,4,6,5.5,77,18,9,62.3,57.3,3.0,5.6,0,0,31.0,69.0,Low Priority
82,2,12.0,-0.501,1.246,2.124,0.878,1,3,16,5,5.9,181,110,15,82.8,47.4,2.7,5.3,0,4,76.7,23.3,Immediate Priority
72,2,19.0,0.375,1.285,1.677,0.391,0,3,13,6,7.4,68,7,7,68.7,52.2,4.1,3.2,0,0,24.9,75.1,Low Priority
44,2,17.0,0.366,1.162,1.779,0.617,0,3,11,5,6.7,68,2,2,73.3,59.3,4.1,4.2,0,3,34.1,65.9,Low Priority
72,1,22.0,-0.161,1.244,2.228,0.985,2,1,5,6,7.0,50,29,15,64.9,49.4,4.3,3.1,0,2,36.1,63.9,Low Priority
38,2,10.0,-0.957,1.796,2.569,0.773,2,3,14,6,5.7,26,9,6,81.9,49.4,3.1,3.5,0,1,43.1,56.9,Medium Priority
38,2,19.0,0.726,1.116,1.846,0.73,0,3,14,5,7.1,150,124,13,73.3,49.4,3.0,6.2,0,1,60.6,39.4,High Priority
54,2,20.0,0.357,1.263,1.578,0.315,0,3,10,6,6.4,30,0,3,68.7,51.4,3.2,2.2,0,0,19.8,80.2,Low Priority
62,2,19.0,0.991,1.237,1.705,0.467,1,3,20,6,6.1,88,23,8,71.0,55.4,3.8,4.0,0,0,38.0,62.0,Low Priority
72,1,14.0,-0.411,1.27,1.298,0.028,0,3,10,6,6.9,176,117,8,80.4,52.8,2.9,5.8,0,2,56.6,43.4,High Priority
69,1,22.0,1.059,1.25,1.794,0.544,0,3,12,6,6.3,64,21,5,73.3,59.9,3.5,4.9,0,1,37.5,62.5,Low Priority
60,2,19.0,0.387,1.392,1.871,0.48,0,3,13,6,5.7,5,4,6,71.7,53.1,3.3,2.0,0,1,27.8,72.2,Low Priority
52,2,20.0,0.262,0.932,1.341,0.409,0,2,6,6,6.9,5,16,9,67.0,61.5,3.5,2.0,0,0,23.5,76.5,Low Priority
83,2,16.0,-0.124,1.567,2.26,0.694,2,3,20,5,6.3,67,31,5,67.9,53.1,3.5,2.6,0,1,36.5,63.5,Low Priority
59,1,19.0,0.132,1.473,1.532,0.059,0,3,11,3,7.6,61,9,3,55.0,60.2,3.5,2.6,0,0,19.5,80.5,Low Priority
60,1,18.0,0.159,1.04,1.906,0.866,0,3,6,5,7.2,56,28,6,70.8,49.6,3.5,2.0,0,0,36.0,64.0,Low Priority
45,2,14.0,-0.425,0.803,1.461,0.658,0,2,11,6,7.6,158,81,9,66.2,56.4,3.3,4.8,0,0,50.7,49.3,Medium Priority
73,2,15.0,0.048,1.101,1.483,0.382,3,3,14,6,7.1,94,92,11,72.9,57.9,2.5,6.3,0,2,58.3,41.7,High Priority
69,2,21.0,0.216,1.271,1.631,0.36,0,2,13,6,7.0,5,2,12,66.8,55.9,3.4,3.4,0,1,27.8,72.2,Low Priority
49,1,17.0,-0.213,1.923,2.462,0.538,0,3,15,6,5.6,20,7,10,74.5,51.1,3.1,4.4,0,0,29.0,71.0,Low Priority
42,2,16.0,-1.02,1.452,2.286,0.834,0,0,5,5,6.5,26,14,11,67.0,55.0,4.0,1.9,0,0,18.7,81.3,Low Priority
69,1,19.0,0.352,0.909,1.34,0.431,1,3,10,6,7.3,83,40,6,72.4,65.0,3.3,1.8,0,0,30.7,69.3,Low Priority
68,2,21.0,1.246,1.168,1.611,0.443,1,3,17,5,7.6,39,20,8,67.6,61.3,4.0,3.7,0,0,22.8,77.2,Low Priority
52,1,13.0,-0.689,1.315,1.722,0.407,2,3,6,6,7.0,74,83,7,65.7,55.1,2.6,6.2,0,0,40.0,60.0,Medium Priority
81,1,19.0,0.31,1.386,2.294,0.908,6,3,18,6,6.7,108,56,9,83.1,52.4,3.0,4.1,0,2,61.5,38.5,High Priority
45,2,15.0,-0.01,1.023,1.321,0.297,2,3,6,5,6.2,5,4,7,67.5,56.6,3.0,2.7,0,3,34.6,65.4,Low Priority
59,2,12.0,-0.422,1.296,1.689,0.394,1,3,17,6,6.5,47,44,3,64.1,49.6,3.5,1.6,0,4,34.8,65.2,Low Priority
80,1,13.0,-0.347,1.161,1.979,0.818,0,3,11,4,6.9,5,5,6,66.8,57.0,3.1,2.6,0,0,27.5,72.5,Low Priority
59,2,21.0,0.508,1.072,1.516,0.444,0,2,14,6,7.6,48,13,6,58.4,63.9,4.3,3.3,0,1,19.9,80.1,Low Priority
67,1,15.0,-0.56,1.387,2.112,0.725,12,3,8,5,5.5,42,8,9,80.4,53.8,3.5,1.0,0,0,39.8,60.2,Low Priority
57,1,13.0,-0.724,1.506,1.649,0.143,0,3,5,6,6.7,85,8,5,72.1,66.5,3.5,3.0,0,0,31.2,68.8,Low Priority
52,1,18.0,-0.988,1.521,1.865,0.344,0,0,9,5,7.1,95,43,16,71.7,61.3,3.7,3.1,0,1,38.4,61.6,Low Priority
82,1,21.0,-0.037,1.46,2.283,0.824,1,3,7,6,5.7,103,37,7,78.0,57.0,4.4,2.7,0,2,42.1,57.9,Medium Priority
58,2,17.0,0.195,1.212,1.422,0.21,0,3,10,6,7.9,45,8,11,69.6,53.6,4.2,2.5,0,1,28.4,71.6,Low Priority
78,1,18.0,-0.153,1.492,1.851,0.359,1,3,13,6,6.1,185,180,9,78.3,50.3,1.7,6.8,0,1,74.2,25.8,Immediate Priority
49,2,13.0,-0.647,1.398,1.873,0.475,1,3,14,6,5.4,57,24,8,73.8,54.1,3.7,2.9,0,2,37.2,62.8,Low Priority
48,2,18.0,0.602,1.358,1.479,0.121,0,3,17,6,6.9,48,4,10,62.9,62.7,3.9,4.8,0,0,22.3,77.7,Low Priority
39,1,19.0,-0.237,1.186,1.47,0.284,2,1,15,6,7.8,52,5,4,63.5,67.8,4.8,3.1,0,1,19.0,81.0,Low Priority
68,2,19.0,-0.246,1.212,1.646,0.434,0,2,14,5,7.1,57,39,7,70.0,58.1,3.3,4.0,0,0,30.8,69.2,Low Priority
56,1,17.0,0.135,1.344,1.759,0.415,0,3,11,6,7.2,215,173,10,62.0,41.5,3.0,7.4,0,2,60.4,39.6,High Priority
76,2,17.0,-0.761,1.891,2.656,0.766,1,2,12,6,6.1,44,38,5,71.4,58.0,3.2,5.2,0,1,35.7,64.3,Low Priority
61,1,15.0,-0.884,1.397,2.236,0.84,1,1,11,6,6.3,136,133,7,80.3,41.4,3.5,4.4,0,4,72.9,27.1,Immediate Priority
82,1,18.0,0.49,1.186,1.345,0.159,2,3,18,6,5.9,28,26,10,70.3,51.2,3.3,3.6,0,1,32.4,67.6,Low Priority
47,1,14.0,-0.216,1.135,1.568,0.434,0,3,9,5,5.5,55,25,7,69.7,52.9,4.4,2.5,0,0,20.9,79.1,Low Priority
76,1,21.0,0.034,1.213,1.807,0.593,1,3,0,6,6.7,31,31,8,74.8,54.7,3.7,5.2,0,0,34.3,65.7,Low Priority
73,1,22.0,0.63,1.83,2.663,0.833,0,3,14,6,7.0,72,53,10,69.6,52.2,3.8,2.7,0,1,41.4,58.6,Medium Priority
72,2,22.0,0.315,1.235,1.841,0.606,4,3,8,6,6.6,72,20,7,66.4,56.3,4.3,4.4,0,0,36.7,63.3,Low Priority
75,2,21.0,0.753,1.536,2.021,0.485,0,3,19,6,6.9,93,89,12,76.8,58.5,2.9,6.2,0,0,43.3,56.7,Medium Priority
72,2,19.0,0.759,1.24,1.831,0.591,1,3,18,5,7.6,18,1,4,72.7,63.9,4.4,1.4,0,0,21.9,78.1,Low Priority
67,2,20.0,-0.003,1.387,1.981,0.593,0,3,6,6,6.8,57,26,5,69.0,52.2,3.4,4.4,0,1,40.5,59.5,Medium Priority
44,1,17.0,-0.497,1.51,1.648,0.139,0,3,7,5,6.7,68,32,9,68.4,53.5,3.5,2.7,0,2,32.0,68.0,Low Priority
39,1,20.0,0.759,1.195,1.652,0.457,0,3,12,6,6.3,59,42,9,74.3,53.0,3.4,6.5,0,1,40.1,59.9,Medium Priority
79,1,18.0,-0.633,1.179,1.995,0.816,3,0,14,6,7.6,63,14,6,69.0,58.0,4.0,1.5,0,0,26.7,73.3,Low Priority
66,1,19.0,-0.217,1.71,2.053,0.343,0,3,10,6,6.9,69,25,6,70.3,54.0,3.7,2.1,0,2,38.6,61.4,Low Priority
73,2,20.0,0.541,1.554,1.993,0.439,4,3,15,6,5.7,87,29,6,73.5,47.2,3.1,2.9,0,1,40.5,59.5,Medium Priority
62,2,17.0,-0.005,1.51,1.843,0.333,0,3,14,5,6.0,79,52,4,70.6,53.8,3.2,2.8,0,0,31.5,68.5,Low Priority
44,1,17.0,-0.531,1.509,1.254,-0.255,0,3,10,6,7.8,83,66,12,70.1,57.1,2.5,4.8,0,1,43.6,56.4,Medium Priority
44,1,22.0,0.588,1.433,1.841,0.408,0,3,3,6,6.1,72,60,4,67.9,47.2,3.6,6.1,0,1,36.1,63.9,Low Priority
69,2,13.0,-1.062,1.793,2.281,0.488,2,2,16,6,7.4,55,18,10,67.8,60.2,4.3,5.0,0,0,26.3,73.7,Low Priority
59,2,19.0,-0.171,1.337,1.594,0.256,0,2,9,5,5.2,200,180,9,81.6,44.8,2.0,6.8,0,2,71.1,28.9,Immediate Priority
48,1,22.0,0.826,1.46,1.534,0.074,3,3,17,6,7.5,99,84,6,68.1,54.6,2.7,4.5,0,0,49.1,50.9,Medium Priority
62,2,20.0,0.816,0.992,1.144,0.152,3,3,11,6,7.1,31,13,9,60.8,71.0,4.2,2.4,0,2,22.8,77.2,Low Priority
41,2,19.0,0.675,1.136,1.755,0.619,4,2,14,6,6.5,21,9,2,72.1,68.9,3.4,3.4,0,1,29.9,70.1,Low Priority
65,1,17.0,0.214,1.05,2.012,0.962,0,3,18,6,6.5,50,16,7,72.1,58.7,3.6,3.2,0,0,28.0,72.0,Low Priority
52,1,17.0,-0.062,1.621,2.416,0.795,1,2,18,6,7.4,21,27,6,66.3,54.3,3.9,3.1,0,0,27.9,72.1,Low Priority
73,2,21.0,1.185,0.737,0.758,0.02,2,3,11,6,7.6,122,85,10,62.3,60.6,3.7,4.1,0,2,43.0,57.0,Medium Priority
54,2,19.0,-0.029,1.234,1.879,0.645,0,2,9,6,6.1,113,67,6,68.6,45.4,3.5,3.3,0,0,38.9,61.1,Low Priority
60,2,19.0,1.232,0.635,0.849,0.214,1,3,16,5,6.2,100,85,14,72.3,50.0,3.2,4.5,0,0,46.9,53.1,Medium Priority
37,1,14.0,0.044,1.135,1.372,0.237,0,3,12,6,7.1,92,14,4,68.0,52.4,3.8,4.3,0,1,29.7,70.3,Low Priority
41,1,11.0,-1.023,1.214,1.484,0.271,0,3,8,6,6.9,70,40,10,77.0,54.6,3.6,3.2,0,4,39.0,61.0,Low Priority
57,2,22.0,1.044,1.647,2.249,0.603,0,3,19,6,5.5,5,14,5,74.3,46.2,3.4,1.7,0,2,34.3,65.7,Low Priority
61,2,18.0,-0.36,1.419,2.093,0.674,0,3,8,6,6.5,27,5,4,63.9,59.9,3.3,3.7,0,0,29.2,70.8,Low Priority
66,1,19.0,-0.105,1.135,1.509,0.374,0,3,3,6,6.5,82,51,3,69.4,51.8,3.4,4.7,0,1,32.8,67.2,Low Priority
53,2,14.0,-0.935,1.573,1.952,0.379,0,3,3,5,6.6,47,6,4,73.1,59.1,3.1,5.7,0,2,35.4,64.6,Low Priority
69,2,20.0,0.624,1.331,1.865,0.534,1,2,14,6,7.0,72,49,7,69.3,59.6,3.5,5.6,0,0,39.1,60.9,Low Priority
76,2,22.0,0.742,1.336,1.899,0.563,0,3,15,6,7.5,50,46,5,75.8,63.5,3.1,2.1,0,1,32.9,67.1,Low Priority
73,2,19.0,0.47,1.049,1.785,0.736,0,3,10,6,7.3,76,74,9,74.0,53.2,3.1,3.8,0,0,37.7,62.3,Low Priority
39,2,15.0,0.22,1.098,1.136,0.037,0,3,10,6,6.7,19,6,4,70.2,62.7,3.5,1.2,0,2,21.6,78.4,Low Priority
61,1,19.0,0.063,1.136,1.544,0.408,1,2,10,6,7.0,84,68,8,78.5,57.3,2.9,2.0,0,2,50.0,50.0,Medium Priority
43,2,21.0,0.441,1.338,1.436,0.099,1,3,15,5,6.9,181,180,13,68.9,53.0,2.8,8.8,1,2,68.4,31.6,High Priority
50,1,18.0,-0.744,1.345,1.733,0.388,1,1,5,6,5.9,96,85,5,78.3,53.7,3.1,6.2,0,0,46.4,53.6,Medium Priority
83,2,21.0,0.295,1.684,2.021,0.338,1,1,20,6,6.7,108,62,11,70.1,59.8,3.8,3.9,0,0,33.8,66.2,Low Priority
44,1,20.0,-0.02,1.416,1.805,0.389,0,2,9,6,7.8,119,48,2,62.3,50.4,3.5,6.4,0,1,37.5,62.5,Low Priority
62,2,21.0,1.898,0.702,0.876,0.175,2,1,36,6,7.1,72,24,4,66.7,58.8,3.7,5.6,0,1,32.9,67.1,Low Priority
66,1,20.0,-0.18,1.388,1.367,-0.02,0,1,8,5,6.0,121,59,11,79.9,59.0,3.4,2.6,0,2,44.5,55.5,Medium Priority
70,1,15.0,0.137,0.992,0.799,-0.193,0,3,16,5,7.3,111,57,12,74.5,63.4,3.5,5.7,0,0,36.2,63.8,Low Priority
64,1,17.0,-0.406,1.104,1.469,0.365,1,1,9,6,6.1,94,44,3,62.2,54.3,3.2,3.8,0,0,33.1,66.9,Low Priority
37,1,16.0,-0.308,1.139,1.419,0.28,0,3,6,6,7.4,92,71,7,65.5,54.9,2.3,4.8,0,0,41.1,58.9,Medium Priority
54,2,22.0,0.652,1.174,1.384,0.21,1,2,18,6,7.2,59,26,9,71.3,64.1,4.0,7.3,0,0,32.5,67.5,Low Priority
63,2,20.0,1.852,1.009,1.787,0.778,1,3,18,6,6.5,24,5,9,71.0,48.2,4.2,4.9,0,1,32.9,67.1,Low Priority
42,2,20.0,0.564,1.374,1.532,0.158,0,3,11,6,6.7,60,36,5,69.0,61.1,3.5,3.5,0,0,23.8,76.2,Low Priority
55,1,17.0,0.362,1.001,1.805,0.804,0,2,15,6,6.6,44,13,7,64.4,58.0,4.0,5.1,0,0,32.6,67.4,Low Priority
39,1,16.0,-0.215,1.409,2.273,0.863,0,3,13,5,6.4,68,21,6,69.0,52.1,3.7,1.6,0,3,38.8,61.2,Low Priority
42,1,20.0,0.547,1.844,1.692,-0.152,4,3,18,6,6.0,40,0,7,62.7,59.7,3.3,3.9,0,1,27.1,72.9,Low Priority
57,1,19.0,0.721,1.02,1.448,0.428,1,3,10,6,6.0,46,21,11,62.6,54.6,3.4,4.1,0,1,27.6,72.4,Low Priority
44,2,16.0,0.136,1.261,1.55,0.288,0,2,13,5,7.5,105,74,6,63.3,56.9,3.0,5.4,0,1,36.0,64.0,Low Priority
65,1,20.0,2.701,0.744,0.7,-0.044,0,8,12,6,7.1,75,35,7,63.6,61.8,4.5,3.4,0,1,20.6,79.4,Low Priority
69,1,13.0,-0.71,1.257,1.249,-0.008,1,3,11,6,7.1,46,0,7,62.4,66.1,4.1,3.9,0,0,18.4,81.6,Low Priority
74,1,17.0,-0.005,1.475,2.098,0.622,2,3,19,6,6.5,20,28,5,68.7,55.9,3.1,3.9,0,0,29.9,70.1,Low Priority
48,1,19.0,-0.189,1.493,2.469,0.975,0,3,8,4,6.5,18,15,15,76.4,45.0,3.8,1.0,0,1,37.7,62.3,Low Priority
46,2,15.0,-0.549,1.345,2.003,0.658,0,3,8,6,5.9,86,29,8,70.3,46.3,3.3,3.8,0,0,34.3,65.7,Low Priority
43,2,22.0,0.658,1.532,2.026,0.494,3,3,14,6,5.3,51,23,6,78.5,46.5,3.0,2.4,0,1,47.0,53.0,Medium Priority
67,1,16.0,-0.562,1.915,2.311,0.396,0,3,15,4,6.0,139,120,12,73.7,47.6,2.6,6.1,0,2,58.3,41.7,High Priority
70,1,15.0,-0.272,1.723,2.602,0.88,0,3,8,6,6.5,24,1,5,73.1,57.8,4.0,4.6,0,2,32.8,67.2,Low Priority
39,1,16.0,0.108,1.206,2.218,1.012,6,2,11,6,5.5,74,51,7,78.8,57.9,3.4,3.2,0,1,48.1,51.9,Medium Priority
80,1,21.0,1.215,0.992,1.227,0.235,1,3,21,6,6.8,128,85,10,67.8,49.6,4.2,3.8,0,1,41.1,58.9,Medium Priority
40,1,18.0,0.543,1.233,1.067,-0.166,0,3,9,6,8.4,146,144,11,69.2,62.5,3.1,5.6,0,1,45.6,54.4,Medium Priority
64,2,19.0,0.645,1.108,0.914,-0.194,0,2,15,6,6.1,38,8,4,66.7,50.4,3.5,1.9,0,0,21.9,78.1,Low Priority
70,2,11.0,-0.982,1.431,2.209,0.777,0,2,16,6,6.0,70,34,9,76.0,52.5,3.4,3.6,0,1,38.3,61.7,Low Priority
77,2,12.0,-0.725,1.054,1.443,0.389,0,3,12,6,8.1,41,2,3,62.6,65.9,3.9,2.9,0,1,19.7,80.3,Low Priority
70,1,18.0,0.522,1.31,1.764,0.454,3,3,21,6,6.5,66,31,7,66.0,57.1,3.3,4.5,0,2,39.1,60.9,Low Priority
74,1,21.0,0.151,1.521,1.414,-0.107,0,2,16,6,6.5,48,6,6,68.3,57.9,3.3,3.8,0,1,28.1,71.9,Low Priority
55,2,21.0,0.627,1.304,1.492,0.188,1,3,12,6,7.5,96,81,11,71.0,57.0,2.0,4.6,0,2,52.5,47.5,Medium Priority
74,2,14.0,-0.856,1.108,1.426,0.318,3,0,14,5,6.7,11,5,9,75.4,54.0,3.9,4.7,0,2,34.7,65.3,Low Priority
42,2,19.0,0.213,1.598,2.059,0.461,0,3,15,6,6.3,123,32,9,70.1,58.6,2.8,5.3,0,0,41.9,58.1,Medium Priority
78,1,22.0,1.251,0.893,1.182,0.289,0,3,14,6,7.2,55,33,11,67.5,61.7,3.4,3.1,0,1,28.9,71.1,Low Priority
64,2,18.0,0.294,1.251,1.359,0.107,0,3,19,6,6.6,185,160,9,78.7,49.4,2.6,5.8,0,2,68.1,31.9,High Priority
74,1,21.0,0.616,1.317,1.497,0.179,3,3,11,6,6.0,93,47,2,67.3,53.0,3.1,3.4,0,0,34.3,65.7,Low Priority
60,2,15.0,-0.355,1.331,2.076,0.745,2,3,10,5,6.3,84,15,5,64.6,53.8,4.3,3.0,0,2,34.2,65.8,Low Priority
68,2,22.0,0.575,1.369,1.84,0.472,0,3,9,6,6.1,28,12,16,67.9,58.5,3.0,1.4,0,0,27.1,72.9,Low Priority
63,2,20.0,-0.365,1.468,2.044,0.576,1,1,4,6,6.5,11,6,8,76.1,64.8,4.5,4.1,0,0,21.3,78.7,Low Priority
71,1,22.0,0.133,1.319,1.466,0.147,1,3,4,5,7.0,61,63,10,75.2,49.4,3.9,2.9,0,1,43.7,56.3,Medium Priority
42,2,20.0,0.698,1.242,0.805,-0.437,3,3,18,6,7.6,121,52,4,59.1,54.4,4.0,5.3,0,0,33.9,66.1,Low Priority
41,1,18.0,0.369,1.233,1.486,0.253,0,3,15,6,7.6,46,42,7,69.9,61.0,4.2,3.1,0,3,31.3,68.7,Low Priority
50,1,22.0,0.83,1.186,1.342,0.156,1,3,15,6,6.7,30,1,11,57.2,59.0,4.0,3.1,0,0,17.5,82.5,Low Priority
45,1,17.0,-0.11,1.509,2.01,0.501,3,2,14,6,6.6,69,64,11,76.4,53.5,2.5,5.3,0,0,52.1,47.9,Medium Priority
77,2,17.0,0.013,1.178,2.513,1.335,0,2,18,6,6.6,39,46,3,75.3,52.0,3.5,3.5,0,1,37.7,62.3,Low Priority
49,1,20.0,-0.118,1.523,2.122,0.599,0,2,12,6,6.7,171,149,7,71.5,49.0,1.9,4.8,0,1,62.4,37.6,High Priority
82,1,20.0,0.535,1.331,2.51,1.179,0,3,18,6,6.0,45,39,14,79.2,49.4,3.1,2.7,0,0,51.2,48.8,Medium Priority
54,2,22.0,0.973,1.207,1.77,0.564,0,3,11,6,6.1,28,16,8,80.8,49.9,3.6,4.1,0,2,36.6,63.4,Low Priority
46,1,16.0,0.039,1.47,1.693,0.223,0,3,20,6,7.1,101,21,6,66.8,55.0,3.3,5.1,0,0,34.2,65.8,Low Priority
73,2,21.0,0.923,1.159,1.66,0.501,5,3,15,6,5.4,48,8,6,75.2,53.9,3.8,4.6,0,2,42.8,57.2,Medium Priority
68,1,20.0,0.588,1.474,2.382,0.908,0,3,9,6,6.2,110,57,4,81.8,44.2,3.1,4.4,0,1,53.7,46.3,Medium Priority
62,1,13.0,-0.452,1.376,2.298,0.922,0,3,13,6,4.9,105,55,6,73.7,46.6,2.9,2.9,0,2,49.2,50.8,Medium Priority
64,2,18.0,0.295,1.189,1.428,0.239,1,2,13,6,6.0,37,10,6,64.3,57.9,3.5,3.8,0,0,21.7,78.3,Low Priority
71,1,17.0,0.094,1.449,1.923,0.474,0,3,7,6,6.1,26,7,8,65.2,54.3,3.6,3.3,0,0,24.8,75.2,Low Priority
49,2,17.0,-0.592,1.453,1.449,-0.004,0,0,14,6,7.6,39,3,3,64.8,64.0,3.5,3.6,0,1,18.1,81.9,Low Priority
83,2,22.0,0.098,1.594,2.231,0.636,1,2,10,5,6.8,143,109,6,76.8,40.8,2.4,3.7,0,2,55.3,44.7,High Priority
82,2,20.0,0.096,1.55,2.393,0.843,3,3,5,5,5.8,26,11,5,71.1,48.0,3.4,2.3,0,0,31.4,68.6,Low Priority
68,2,20.0,0.445,1.44,1.854,0.413,1,3,21,6,7.0,51,18,10,65.7,52.7,3.3,2.4,0,0,28.9,71.1,Low Priority
47,1,22.0,0.84,1.067,1.279,0.212,1,3,14,6,7.5,26,14,5,63.1,66.9,4.5,3.5,0,0,11.9,88.1,Low Priority
69,1,18.0,-0.18,1.893,2.397,0.504,0,3,18,6,6.2,49,24,6,70.8,64.8,2.8,4.0,0,0,30.2,69.8,Low Priority
41,2,21.0,1.415,1.003,1.523,0.521,5,3,15,4,5.6,77,56,11,73.2,47.9,4.2,4.0,0,2,46.6,53.4,Medium Priority
39,2,18.0,-0.202,1.546,1.971,0.425,0,3,11,6,6.5,90,92,8,69.6,49.1,3.0,5.5,0,1,45.6,54.4,Medium Priority
51,2,21.0,0.354,1.427,1.879,0.453,2,3,13,6,6.4,5,9,6,59.1,53.7,3.7,4.4,0,0,29.1,70.9,Low Priority
61,2,16.0,0.087,1.056,1.408,0.353,0,3,15,6,6.2,58,52,10,70.4,55.9,3.0,4.1,0,0,38.7,61.3,Low Priority
76,2,22.0,1.228,1.298,1.983,0.685,4,3,22,6,6.5,94,19,11,63.3,53.1,4.0,5.2,0,1,43.1,56.9,Medium Priority
71,2,16.0,-0.413,1.309,1.92,0.611,1,2,9,5,6.7,199,177,11,84.3,45.9,2.2,5.8,0,2,80.4,19.6,Immediate Priority
71,1,17.0,0.262,1.629,1.751,0.123,1,3,18,6,6.9,64,15,14,64.6,62.1,3.8,2.9,0,1,28.0,72.0,Low Priority
59,2,20.0,1.038,1.162,1.277,0.115,0,3,20,5,7.2,5,0,11,65.0,56.6,4.3,3.8,0,2,22.3,77.7,Low Priority
55,1,18.0,0.087,1.266,1.596,0.33,0,3,15,6,7.3,36,32,7,65.5,60.4,3.9,2.2,0,1,20.5,79.5,Low Priority
56,1,20.0,1.066,0.787,1.399,0.611,1,3,20,6,6.8,5,7,5,69.5,51.3,4.3,3.4,0,1,29.6,70.4,Low Priority
83,2,18.0,0.077,1.728,2.172,0.444,2,3,11,6,6.4,26,2,8,73.4,55.3,3.9,5.1,0,0,35.9,64.1,Low Priority
39,2,20.0,0.736,1.08,1.299,0.219,0,2,22,6,6.8,143,53,6,63.8,55.4,3.0,6.1,0,0,41.9,58.1,Medium Priority
76,2,16.0,0.233,1.403,1.879,0.476,6,3,15,6,5.8,100,59,5,65.5,50.0,2.2,4.4,0,1,54.7,45.3,Medium Priority
65,1,13.0,-0.764,1.304,1.612,0.308,3,3,4,6,7.4,99,27,7,67.1,58.2,3.6,2.9,0,2,30.3,69.7,Low Priority
60,1,17.0,-0.106,1.304,1.956,0.652,0,2,19,6,5.4,73,50,2,74.8,47.7,3.1,4.2,0,0,45.9,54.1,Medium Priority
71,2,19.0,0.093,1.514,2.011,0.497,2,3,12,6,6.9,98,34,8,69.8,54.9,4.3,5.7,0,1,38.7,61.3,Low Priority
62,2,16.0,-0.587,1.713,2.026,0.312,0,3,12,6,6.2,125,44,3,74.1,54.2,3.1,4.8,0,1,49.0,51.0,Medium Priority
77,1,18.0,-0.488,1.385,1.853,0.468,0,1,13,6,6.2,67,40,4,65.6,55.4,3.4,5.1,0,1,38.3,61.7,Low Priority
78,1,18.0,-0.06,1.478,2.254,0.775,0,3,8,3,6.6,65,49,8,76.3,53.5,3.6,4.2,0,1,43.3,56.7,Medium Priority
59,2,13.0,-0.398,1.403,1.643,0.24,1,3,12,4,5.8,7,10,5,65.3,53.2,3.6,3.0,0,0,20.0,80.0,Low Priority
52,1,19.0,-0.006,1.562,2.078,0.516,1,3,17,6,6.0,36,14,2,73.6,59.9,3.8,2.8,0,0,25.5,74.5,Low Priority
66,2,21.0,0.255,1.22,1.602,0.382,0,3,2,5,6.3,58,26,3,63.9,64.1,3.1,1.9,0,0,16.6,83.4,Low Priority
79,2,15.0,-0.874,1.575,2.099,0.523,1,2,10,5,6.3,106,26,12,73.6,48.1,2.9,4.1,0,0,47.9,52.1,Medium Priority
48,1,19.0,-1.072,1.584,1.8,0.216,1,1,0,5,6.1,64,67,6,72.3,52.7,2.8,3.3,0,0,29.2,70.8,Low Priority
67,2,20.0,0.211,1.577,2.01,0.433,1,3,11,6,7.5,51,20,8,61.0,56.7,2.9,4.2,0,0,28.5,71.5,Low Priority
67,1,18.0,0.373,1.175,1.891,0.717,0,3,16,6,7.7,5,7,5,61.8,66.0,4.0,2.6,0,1,22.7,77.3,Low Priority
71,1,20.0,0.951,1.288,1.424,0.136,2,3,17,6,5.6,32,13,4,74.2,55.8,3.2,4.4,0,1,34.4,65.6,Low Priority
44,2,18.0,0.74,1.382,1.407,0.024,0,3,21,5,7.3,47,10,5,63.8,61.9,4.0,3.8,0,0,13.1,86.9,Low Priority
71,1,19.0,0.906,1.01,1.046,0.035,0,3,14,6,7.7,101,59,9,72.2,62.9,3.5,3.9,0,1,31.5,68.5,Low Priority
78,2,9.0,-1.472,1.695,1.765,0.07,0,3,9,6,7.0,72,28,13,65.1,56.6,3.0,3.0,0,2,33.5,66.5,Low Priority
46,2,20.0,0.293,1.324,1.895,0.571,0,2,20,6,6.2,94,55,6,80.8,61.2,3.7,3.7,0,1,40.6,59.4,Medium Priority
50,1,20.0,0.283,1.393,1.395,0.003,3,2,16,6,6.6,68,24,7,64.4,60.8,3.6,4.1,0,1,32.8,67.2,Low Priority
82,1,12.0,-0.672,1.194,1.511,0.317,0,2,14,6,6.4,130,99,12,80.2,56.1,3.1,4.7,0,1,53.9,46.1,Medium Priority
46,1,18.0,0.454,1.02,1.598,0.578,1,3,15,6,6.5,183,180,11,82.5,43.7,2.4,4.9,0,2,69.7,30.3,High Priority
76,1,22.0,0.619,1.187,1.708,0.52,0,2,20,5,6.0,32,49,8,77.0,52.7,3.4,4.3,0,0,37.1,62.9,Low Priority
62,1,18.0,0.259,1.378,1.67,0.293,0,3,15,4,6.7,105,89,11,67.6,56.5,2.5,4.8,0,2,50.1,49.9,Medium Priority
50,1,19.0,0.06,1.483,1.939,0.456,15,3,11,5,4.5,57,31,7,78.1,52.6,3.5,4.0,0,1,46.1,53.9,Medium Priority
77,2,22.0,0.916,1.364,1.797,0.432,2,3,15,6,6.4,183,122,7,78.4,42.2,3.2,5.2,0,2,72.8,27.2,Immediate Priority
60,2,20.0,0.184,1.407,1.745,0.338,0,3,4,5,6.0,107,80,12,72.2,51.2,2.9,3.4,0,0,46.1,53.9,Medium Priority
63,2,19.0,0.563,1.249,1.591,0.342,0,3,11,6,6.9,205,180,9,67.3,48.6,2.5,6.4,0,3,67.4,32.6,High Priority
55,2,21.0,0.175,1.442,2.478,1.037,0,3,11,5,5.9,82,43,13,70.2,49.6,3.6,1.7,0,3,52.8,47.2,Medium Priority
66,1,21.0,0.189,1.67,2.301,0.632,0,3,8,6,6.6,90,67,10,69.7,53.2,3.0,5.2,0,3,52.4,47.6,Medium Priority
45,1,18.0,-0.456,1.49,2.596,1.107,2,3,3,6,6.7,85,35,8,74.4,52.7,2.7,3.4,0,1,47.3,52.7,Medium Priority
57,2,19.0,-0.29,1.514,1.775,0.261,2,3,7,6,7.5,92,13,8,63.3,49.5,3.6,4.0,0,0,36.6,63.4,Low Priority
82,2,18.0,0.166,1.395,1.773,0.378,0,3,15,6,5.2,103,19,8,70.2,46.3,3.3,5.1,0,0,37.5,62.5,Low Priority
51,1,22.0,1.405,0.98,1.003,0.024,4,3,17,3,6.4,132,100,17,71.3,58.0,3.0,4.9,0,1,50.9,49.1,Medium Priority
68,2,20.0,1.055,1.086,1.258,0.172,1,3,24,6,6.8,40,2,11,73.4,60.0,4.4,1.9,0,0,20.1,79.9,Low Priority
54,2,14.0,-0.127,1.432,2.374,0.942,0,3,11,4,6.6,109,40,2,73.1,54.3,3.0,6.5,0,0,47.0,53.0,Medium Priority
72,2,21.0,0.758,1.324,1.578,0.254,0,3,14,6,5.8,46,20,8,71.3,55.6,3.1,1.6,0,1,32.1,67.9,Low Priority
44,1,19.0,0.509,1.429,2.376,0.947,1,3,21,6,5.7,68,22,10,71.7,47.6,2.9,1.2,0,1,45.6,54.4,Medium Priority
82,2,14.0,-0.573,1.714,1.763,0.049,1,3,8,5,6.7,98,97,6,72.5,49.2,3.0,5.5,0,1,47.7,52.3,Medium Priority
60,2,19.0,0.38,1.495,1.598,0.103,0,3,15,5,6.9,108,86,12,67.1,55.2,2.5,2.9,0,0,41.0,59.0,Medium Priority
50,2,18.0,-0.088,1.618,1.923,0.305,0,3,16,6,6.9,99,41,3,70.4,57.9,3.7,6.0,0,0,33.9,66.1,Low Priority
41,2,21.0,0.679,1.349,1.733,0.384,0,3,6,6,7.0,26,14,9,61.7,70.1,3.4,3.5,0,0,22.3,77.7,Low Priority
46,2,16.0,0.394,1.141,1.805,0.664,2,3,18,6,6.7,55,29,3,75.3,54.4,3.3,3.9,0,4,44.3,55.7,Medium Priority
63,2,21.0,0.781,1.314,1.844,0.53,1,3,17,6,6.7,13,23,4,68.4,65.4,4.4,2.1,0,3,21.3,78.7,Low Priority
54,1,19.0,-0.292,1.141,1.425,0.284,0,2,4,6,7.0,99,19,3,71.5,55.5,4.1,3.5,0,0,27.0,73.0,Low Priority
75,2,13.0,-0.75,1.687,2.051,0.364,2,3,6,5,6.8,65,4,8,75.4,60.4,3.7,3.3,0,0,33.1,66.9,Low Priority
59,2,22.0,0.356,1.51,1.821,0.311,4,3,5,6,5.0,69,35,10,73.6,51.7,2.6,2.8,0,0,40.8,59.2,Medium Priority
51,2,19.0,-0.02,1.447,1.589,0.142,5,2,10,4,7.4,58,16,9,71.9,60.1,4.6,5.1,0,1,40.1,59.9,Medium Priority
66,1,17.0,-0.243,1.613,1.762,0.15,0,3,13,6,5.4,87,48,7,76.7,51.2,2.9,3.3,0,1,42.1,57.9,Medium Priority
70,1,19.0,0.927,0.86,1.554,0.694,0,3,13,6,6.2,81,17,6,66.3,53.9,3.7,4.7,0,0,32.3,67.7,Low Priority
46,2,21.0,0.51,1.463,1.346,-0.117,0,3,9,4,6.8,42,25,9,68.5,63.8,4.0,4.5,0,0,20.2,79.8,Low Priority
46,2,17.0,0.514,1.024,1.886,0.861,0,3,20,6,7.1,50,2,6,71.7,55.5,3.1,2.4,0,3,41.5,58.5,Medium Priority
39,2,16.0,-0.381,1.325,1.63,0.305,4,3,11,6,4.7,236,180,9,86.0,40.5,1.5,7.7,1,2,85.3,14.7,Immediate Priority
71,2,15.0,-0.326,1.255,1.438,0.183,0,3,4,6,6.9,91,31,12,68.9,62.4,3.5,3.2,0,0,31.6,68.4,Low Priority
68,2,17.0,-0.461,1.48,2.092,0.612,0,3,10,5,7.0,5,1,2,70.3,65.7,3.8,2.4,0,0,16.1,83.9,Low Priority
61,2,21.0,0.313,1.38,2.204,0.824,0,2,13,5,7.1,50,35,12,71.5,60.6,3.1,2.9,0,1,37.6,62.4,Low Priority
75,2,19.0,-0.083,1.638,2.357,0.719,0,3,11,6,5.9,95,91,6,78.5,50.0,2.9,3.6,0,1,50.9,49.1,Medium Priority
74,2,16.0,0.225,1.188,1.732,0.545,2,3,10,6,6.4,99,66,12,69.6,49.9,3.2,4.7,0,0,42.3,57.7,Medium Priority
65,2,16.0,-0.48,1.491,2.201,0.711,0,3,7,6,6.1,33,54,6,74.2,47.2,3.7,1.7,0,1,30.2,69.8,Low Priority
76,1,17.0,0.455,1.364,1.279,-0.085,0,3,17,5,6.8,5,6,2,60.4,55.2,4.2,3.7,0,1,11.5,88.5,Low Priority
48,2,22.0,1.515,0.949,1.203,0.254,0,3,27,6,6.4,132,48,7,68.2,50.6,3.4,3.8,0,3,48.2,51.8,Medium Priority
43,2,17.0,0.369,1.115,1.258,0.143,0,3,10,6,6.5,110,65,13,68.7,55.3,3.1,3.2,0,0,39.6,60.4,Low Priority
52,1,22.0,1.093,1.292,2.042,0.75,0,3,11,6,6.8,71,38,8,69.4,51.8,4.0,3.6,0,0,32.2,67.8,Low Priority
41,1,19.0,-0.04,1.584,1.877,0.293,1,3,14,6,6.7,139,100,14,68.2,56.6,3.0,4.8,0,2,58.5,41.5,High Priority
63,1,16.0,0.026,1.434,2.076,0.642,1,3,15,6,6.7,47,14,7,72.3,54.1,3.1,3.9,0,1,40.6,59.4,Medium Priority
80,1,21.0,1.309,1.057,1.611,0.554,1,3,11,6,6.9,66,12,7,69.2,59.8,4.7,3.9,0,0,28.8,71.2,Low Priority
39,1,19.0,0.359,1.295,1.452,0.157,4,2,19,6,7.0,105,91,10,69.5,52.8,2.7,2.6,0,1,46.2,53.8,Medium Priority
44,1,20.0,0.089,1.793,2.028,0.235,3,3,13,6,6.8,78,44,4,62.7,48.1,4.4,5.2,0,2,39.3,60.7,Low Priority
60,2,22.0,0.548,1.353,2.122,0.769,5,2,12,6,5.1,35,0,6,73.6,58.0,3.6,2.9,0,1,37.8,62.2,Low Priority
80,2,13.0,-0.558,1.251,1.433,0.182,0,2,14,6,6.4,22,19,8,74.0,61.5,3.2,3.2,0,1,26.0,74.0,Low Priority
54,1,14.0,-0.349,1.441,1.878,0.437,0,3,22,6,6.5,148,87,11,77.8,55.2,2.0,8.1,1,1,66.0,34.0,High Priority
62,1,20.0,0.714,1.503,1.683,0.18,0,3,17,3,6.8,19,1,7,68.4,62.6,4.1,4.4,0,0,15.4,84.6,Low Priority
40,2,17.0,-0.564,1.222,1.534,0.313,3,3,4,4,6.2,55,0,8,66.9,54.8,2.9,3.9,0,0,30.9,69.1,Low Priority
45,1,16.0,-0.323,1.443,1.832,0.389,10,3,10,5,6.4,46,14,4,71.0,53.2,3.6,1.8,0,0,28.9,71.1,Low Priority
83,2,13.0,-0.127,1.251,1.431,0.18,2,3,12,5,7.9,180,110,6,66.9,58.0,3.9,4.5,0,1,49.3,50.7,Medium Priority
82,2,12.0,-0.854,1.493,1.622,0.129,0,3,10,5,6.9,107,104,11,71.1,59.8,2.4,6.0,0,3,52.4,47.6,Medium Priority
36,2,21.0,0.513,1.366,1.85,0.483,5,3,15,6,6.3,34,32,8,66.5,57.0,3.7,2.7,0,1,31.5,68.5,Low Priority
81,1,15.0,0.095,1.438,1.6,0.162,0,3,17,6,7.3,43,36,7,71.3,63.9,3.3,3.2,0,0,27.3,72.7,Low Priority
67,2,19.0,0.457,1.152,1.323,0.172,0,3,16,6,5.9,51,18,6,73.8,54.2,3.9,2.1,0,0,25.5,74.5,Low Priority
76,1,19.0,0.756,1.137,1.273,0.135,0,3,25,5,7.0,80,12,4,66.5,66.7,3.9,4.6,0,2,30.6,69.4,Low Priority
60,2,18.0,-0.023,1.545,1.925,0.38,0,3,10,4,7.2,144,75,14,77.7,52.1,3.2,6.7,0,0,52.7,47.3,Medium Priority
63,2,12.0,-0.618,1.309,1.979,0.67,1,2,18,6,6.1,5,5,4,74.1,57.3,3.9,4.4,0,0,21.6,78.4,Low Priority
62,1,21.0,0.142,1.393,2.223,0.83,0,2,16,6,5.7,66,30,4,76.5,50.0,3.5,3.3,0,3,42.6,57.4,Medium Priority
68,1,10.0,-0.938,1.256,1.452,0.196,0,2,11,6,6.8,5,45,9,70.4,61.6,2.9,3.4,0,0,22.7,77.3,Low Priority
44,1,20.0,0.236,1.535,2.547,1.013,1,2,16,6,6.1,53,4,8,66.5,58.4,4.3,3.4,0,0,29.7,70.3,Low Priority
39,2,21.0,0.415,1.187,1.303,0.117,3,3,7,6,6.2,89,32,5,66.1,49.5,2.8,5.3,0,0,41.8,58.2,Medium Priority
53,1,18.0,-0.474,1.296,2.005,0.71,1,0,17,6,7.8,66,38,7,69.4,65.2,3.7,3.8,0,0,26.3,73.7,Low Priority
70,2,19.0,-0.263,1.509,1.706,0.197,0,1,13,6,6.5,93,61,9,70.9,65.7,2.8,3.4,0,0,34.3,65.7,Low Priority
48,1,19.0,-0.039,1.598,1.753,0.155,2,2,10,6,5.9,43,12,6,72.5,53.9,2.8,4.9,0,1,39.5,60.5,Low Priority
68,2,18.0,0.081,1.206,1.397,0.19,3,2,15,6,6.6,25,15,7,64.9,58.6,3.1,3.1,0,0,21.7,78.3,Low Priority
82,2,21.0,0.107,1.78,2.167,0.387,0,2,14,6,7.0,77,37,8,68.5,61.8,3.5,3.6,0,0,28.6,71.4,Low Priority
42,2,21.0,0.496,1.399,1.966,0.567,1,3,9,6,6.5,204,180,8,82.0,43.8,2.5,6.8,0,2,72.8,27.2,Immediate Priority
68,2,17.0,0.13,1.086,1.678,0.592,0,3,4,5,7.1,64,11,8,70.6,59.8,4.2,2.9,0,1,32.2,67.8,Low Priority
60,1,20.0,-0.459,1.412,1.546,0.134,0,0,12,6,6.3,207,180,8,78.8,54.0,2.7,7.1,0,1,62.5,37.5,High Priority
76,1,22.0,0.665,1.239,1.359,0.121,1,3,14,6,7.8,64,56,8,60.9,53.0,3.8,3.5,0,2,34.8,65.2,Low Priority
46,2,22.0,0.751,1.427,1.569,0.142,2,3,18,6,7.0,69,78,7,60.5,50.8,3.1,2.9,0,2,39.9,60.1,Low Priority
69,1,19.0,0.435,1.317,1.687,0.37,0,2,20,6,7.4,5,4,8,60.9,63.5,4.3,5.5,0,1,17.4,82.6,Low Priority
75,1,18.0,0.58,1.344,1.686,0.342,2,3,13,6,6.8,78,16,12,65.1,50.5,3.5,2.9,0,0,38.9,61.1,Low Priority
81,1,17.0,0.311,1.116,1.249,0.132,2,3,16,6,7.4,20,2,6,59.8,61.4,3.3,3.3,0,0,17.3,82.7,Low Priority
69,1,22.0,0.654,1.556,2.034,0.479,3,3,12,6,5.8,58,20,4,70.3,51.7,3.8,3.7,0,0,24.3,75.7,Low Priority
62,1,15.0,0.141,1.06,2.105,1.045,0,3,16,4,6.2,240,179,15,87.3,46.8,2.7,6.1,0,1,69.9,30.1,High Priority
66,2,19.0,-0.434,1.071,1.33,0.259,3,0,8,6,7.6,20,5,7,68.0,66.7,3.5,2.5,0,0,22.6,77.4,Low Priority
76,1,17.0,0.255,1.412,1.691,0.279,0,3,11,6,7.7,51,37,6,68.4,51.3,4.5,1.9,0,0,22.4,77.6,Low Priority
65,2,17.0,-0.022,1.697,2.258,0.561,1,3,14,4,5.7,26,0,12,77.7,50.4,3.7,5.5,0,0,34.2,65.8,Low Priority
39,1,18.0,-0.347,1.246,1.489,0.243,0,3,3,6,7.0,86,56,12,65.1,53.4,3.5,3.9,0,1,37.0,63.0,Low Priority
79,2,22.0,-0.277,1.489,2.081,0.592,0,0,15,6,6.3,86,9,11,70.0,54.7,3.3,4.0,0,1,41.7,58.3,Medium Priority
69,1,13.0,-0.198,1.575,1.773,0.198,1,3,17,6,6.2,75,6,9,71.3,51.6,3.9,6.3,0,3,42.4,57.6,Medium Priority
69,2,19.0,0.141,1.515,2.438,0.922,0,3,11,6,6.5,63,18,9,69.9,56.6,2.9,2.8,0,0,37.3,62.7,Low Priority
48,2,14.0,-0.477,1.255,1.755,0.5,0,3,12,5,7.4,132,66,7,66.9,52.7,3.2,6.7,0,0,40.2,59.8,Medium Priority
68,1,15.0,-0.445,1.075,1.301,0.226,0,1,18,6,7.3,30,5,6,73.9,65.4,3.5,3.8,0,1,24.1,75.9,Low Priority
57,2,18.0,0.933,0.817,1.052,0.235,1,3,16,6,6.9,48,11,3,67.4,61.7,3.3,1.1,0,0,23.5,76.5,Low Priority
68,2,19.0,0.487,1.266,1.522,0.256,0,3,10,6,7.2,22,0,5,73.4,56.8,4.3,2.5,0,1,22.5,77.5,Low Priority
43,2,17.0,-0.246,1.599,2.391,0.792,2,3,10,6,6.0,152,155,6,73.5,48.9,2.4,6.1,0,2,68.1,31.9,High Priority
68,2,17.0,0.906,1.067,1.109,0.042,0,3,15,6,7.4,100,40,3,64.5,67.8,4.0,4.5,0,3,33.0,67.0,Low Priority
83,1,14.0,-0.245,1.489,1.701,0.212,0,3,13,6,7.6,100,57,12,69.6,59.2,3.3,4.5,0,2,42.3,57.7,Medium Priority
40,2,17.0,0.047,1.108,1.35,0.242,0,3,8,6,5.7,77,47,6,72.8,52.8,3.5,3.3,0,1,40.2,59.8,Medium Priority
82,1,22.0,0.426,1.352,1.749,0.398,0,3,10,6,7.2,36,7,6,56.6,55.0,3.9,2.4,0,0,17.4,82.6,Low Priority
58,1,22.0,0.634,1.49,1.816,0.325,0,3,19,6,5.8,32,40,7,70.8,58.1,3.1,2.8,0,0,25.7,74.3,Low Priority
77,2,17.0,0.385,1.175,1.153,-0.022,0,3,15,5,7.8,11,6,5,75.2,68.9,3.8,5.1,0,1,17.4,82.6,Low Priority
73,1,19.0,0.108,1.366,1.655,0.288,6,1,24,6,5.9,61,23,5,71.5,51.2,2.6,2.6,0,1,44.4,55.6,Medium Priority
65,2,22.0,1.268,1.231,1.605,0.374,1,3,16,6,6.0,53,37,8,73.7,51.2,3.9,3.0,0,0,30.6,69.4,Low Priority
71,2,9.0,-0.422,1.49,1.714,0.224,0,3,21,6,7.2,60,36,6,64.8,60.3,3.9,3.7,0,1,29.9,70.1,Low Priority
77,2,21.0,0.525,1.381,1.978,0.597,0,3,9,6,6.8,32,5,8,71.4,52.4,5.0,1.4,0,0,21.9,78.1,Low Priority
58,2,22.0,0.604,1.34,2.003,0.663,3,3,16,6,5.7,13,1,2,73.0,51.9,3.4,3.3,0,0,29.1,70.9,Low Priority
54,1,14.0,-1.115,1.687,2.067,0.38,0,3,3,6,5.8,77,72,15,78.7,44.1,2.5,2.5,0,2,49.9,50.1,Medium Priority
68,1,16.0,0.179,1.48,1.947,0.467,0,3,15,6,6.5,47,58,5,75.8,48.1,2.6,2.1,0,0,39.9,60.1,Low Priority
74,1,22.0,0.161,1.168,0.956,-0.212,1,1,12,6,6.4,29,3,9,69.7,57.6,4.0,1.7,0,1,22.6,77.4,Low Priority
72,1,19.0,0.517,1.307,1.59,0.282,1,3,11,5,6.1,51,6,3,69.2,62.0,3.9,1.6,0,2,26.3,73.7,Low Priority
73,1,11.0,-1.168,1.309,1.997,0.687,1,0,18,6,6.6,88,100,7,69.1,41.1,3.3,5.8,0,1,51.9,48.1,Medium Priority
59,1,17.0,0.3,1.346,1.627,0.282,0,3,18,6,6.2,94,65,15,64.4,55.2,2.8,5.0,0,0,40.9,59.1,Medium Priority
74,2,18.0,-0.815,1.91,2.103,0.193,0,3,3,5,6.8,217,180,10,77.8,45.0,2.5,7.9,1,2,72.1,27.9,Immediate Priority
44,2,20.0,0.428,1.413,2.462,1.049,1,3,14,3,7.1,18,13,8,73.9,61.5,3.6,3.9,0,0,32.9,67.1,Low Priority
64,1,20.0,0.846,0.857,1.775,0.919,0,3,11,6,6.6,95,30,4,78.3,57.8,4.1,4.2,0,1,41.6,58.4,Medium Priority
36,2,22.0,0.688,1.202,1.736,0.535,0,2,11,6,6.8,32,12,16,66.7,56.8,4.0,3.1,0,1,30.6,69.4,Low Priority
54,1,17.0,-0.081,0.881,1.606,0.725,1,1,17,6,7.9,70,43,9,62.6,56.3,3.1,5.1,0,1,40.4,59.6,Medium Priority
56,1,19.0,0.249,1.251,1.021,-0.23,0,3,10,6,6.5,30,5,9,72.0,65.9,3.6,5.1,0,2,30.1,69.9,Low Priority
57,2,19.0,1.082,0.868,1.046,0.178,5,3,21,5,7.5,5,6,7,61.4,66.5,3.3,1.1,0,0,19.1,80.9,Low Priority
70,2,18.0,0.06,1.126,1.394,0.269,2,2,8,6,7.4,58,3,5,57.9,60.3,3.4,6.7,0,0,25.3,74.7,Low Priority
57,2,16.0,0.183,0.976,1.311,0.335,1,3,15,5,7.4,59,53,6,65.8,63.6,3.1,2.1,0,0,34.4,65.6,Low Priority
60,1,22.0,0.471,1.416,1.679,0.263,0,3,15,5,7.5,54,30,11,64.0,57.6,3.5,3.0,0,0,30.5,69.5,Low Priority
50,2,21.0,0.58,1.327,1.005,-0.322,0,3,9,6,7.3,87,43,5,73.6,60.8,3.5,4.3,0,0,30.2,69.8,Low Priority
56,2,19.0,-0.128,1.397,1.909,0.512,0,3,10,6,6.3,161,95,14,81.1,46.7,2.9,5.9,0,3,69.1,30.9,High Priority
49,2,19.0,0.794,1.303,1.859,0.556,0,3,17,5,7.3,63,60,4,68.9,58.7,3.6,6.1,0,0,30.0,70.0,Low Priority
41,2,16.0,0.348,1.005,1.862,0.857,11,3,16,5,6.5,45,27,4,78.9,50.9,3.5,4.6,0,2,47.0,53.0,Medium Priority
66,2,19.0,-0.177,1.446,1.624,0.178,0,3,10,6,7.5,240,180,8,76.0,46.3,2.6,7.8,1,3,70.7,29.3,Immediate Priority
68,2,20.0,-0.278,1.771,1.926,0.155,0,2,13,6,6.7,68,27,8,73.4,52.9,3.0,5.1,0,1,38.5,61.5,Low Priority
66,2,19.0,0.03,1.422,1.062,-0.359,0,3,5,5,6.7,51,5,7,73.1,62.9,3.7,3.9,0,1,26.8,73.2,Low Priority
61,2,22.0,0.549,1.229,1.547,0.319,1,3,9,6,6.9,183,180,8,75.9,48.2,3.0,5.3,0,2,66.8,33.2,High Priority
56,2,20.0,0.73,0.997,1.655,0.658,0,3,12,5,7.4,21,1,9,71.1,56.1,3.9,3.5,0,0,25.4,74.6,Low Priority
76,1,18.0,0.28,1.117,1.345,0.228,0,3,6,6,7.6,60,35,7,64.6,62.9,3.9,3.8,0,0,26.4,73.6,Low Priority
63,2,21.0,-0.159,1.432,2.442,1.011,0,0,18,6,6.1,24,16,7,77.3,45.7,3.6,2.0,0,0,36.4,63.6,Low Priority
61,1,16.0,-0.897,1.575,1.904,0.329,3,1,15,6,6.6,19,31,8,69.4,66.7,3.7,4.4,0,0,34.6,65.4,Low Priority
38,1,18.0,0.439,1.387,1.831,0.444,0,3,21,6,5.9,53,36,8,75.6,50.9,3.4,3.5,0,1,42.3,57.7,Medium Priority
55,2,17.0,0.309,1.512,1.527,0.015,3,3,15,6,7.2,75,12,5,73.0,66.1,4.1,2.7,0,2,35.2,64.8,Low Priority
56,2,18.0,0.746,1.49,1.974,0.484,2,3,21,6,6.0,67,36,7,73.5,54.1,3.6,2.7,0,0,37.5,62.5,Low Priority
57,2,21.0,0.1,1.444,1.284,-0.16,0,3,13,5,7.5,127,63,9,68.0,59.8,3.7,5.7,0,1,35.3,64.7,Low Priority
65,1,19.0,0.746,1.175,1.774,0.599,2,3,14,5,5.9,47,13,6,73.1,49.6,3.7,4.7,0,2,40.8,59.2,Medium Priority
63,2,21.0,1.021,1.367,1.975,0.608,0,3,23,6,7.2,31,21,7,56.9,62.5,3.4,3.7,0,1,31.6,68.4,Low Priority
66,1,19.0,0.75,1.131,1.919,0.788,8,3,14,5,6.2,75,14,2,69.4,56.0,3.1,4.6,0,1,44.1,55.9,Medium Priority
72,2,17.0,-0.368,1.331,1.443,0.112,0,3,4,6,6.4,112,77,13,76.4,55.8,2.8,3.8,0,0,41.8,58.2,Medium Priority
74,2,21.0,0.306,1.403,1.851,0.448,0,3,16,6,7.1,112,58,4,73.6,55.0,4.0,4.9,0,0,37.7,62.3,Low Priority
71,2,17.0,0.127,1.715,2.277,0.562,0,3,19,6,6.1,95,92,14,74.3,48.4,2.8,4.0,0,3,53.4,46.6,Medium Priority
81,2,16.0,-0.063,1.024,1.552,0.528,0,2,17,6,7.3,63,8,4,69.9,56.9,3.9,3.5,0,1,26.2,73.8,Low Priority
38,2,19.0,-0.256,1.438,1.594,0.156,13,2,14,6,5.6,59,3,6,69.2,55.4,2.6,3.5,0,0,37.5,62.5,Low Priority
47,2,17.0,-0.93,1.669,1.392,-0.277,0,1,15,6,5.9,42,5,6,72.4,55.7,3.4,2.5,0,1,28.6,71.4,Low Priority
37,1,10.0,-0.321,1.502,2.003,0.501,1,3,25,5,5.9,16,7,3,82.9,51.6,3.5,3.7,0,0,29.5,70.5,Low Priority
68,1,20.0,-0.216,1.519,1.878,0.359,0,2,6,6,6.4,62,34,9,72.9,55.7,2.3,2.5,0,0,34.4,65.6,Low Priority
78,2,19.0,0.197,1.463,1.704,0.241,5,2,15,5,7.2,204,159,11,72.0,50.1,2.7,5.0,0,1,61.4,38.6,High Priority
50,2,18.0,-0.015,1.627,2.246,0.619,0,3,10,5,7.0,54,19,6,70.4,57.9,3.0,2.6,0,0,30.0,70.0,Low Priority
79,1,22.0,0.904,1.076,1.465,0.389,1,3,14,6,7.8,188,143,8,78.7,51.9,2.7,7.3,0,1,58.5,41.5,High Priority
41,2,19.0,0.381,1.007,1.034,0.027,0,2,14,5,8.2,56,1,8,56.5,68.7,4.5,4.0,0,1,16.4,83.6,Low Priority
80,1,21.0,0.027,1.326,1.179,-0.147,1,2,8,4,6.7,130,117,6,71.2,53.3,2.8,3.0,0,3,51.4,48.6,Medium Priority
55,2,15.0,0.086,0.828,0.909,0.081,0,3,9,5,7.1,9,8,7,69.3,63.8,3.6,3.4,0,1,15.7,84.3,Low Priority
43,2,19.0,-0.322,1.611,2.693,1.082,0,2,14,6,5.9,138,109,14,84.9,45.1,2.4,5.2,0,1,65.4,34.6,High Priority
62,2,21.0,0.2,1.609,2.216,0.607,0,3,7,6,6.0,23,2,5,75.0,61.0,3.4,2.5,0,2,30.2,69.8,Low Priority
51,2,19.0,0.497,1.227,1.682,0.456,1,3,9,5,5.6,182,133,10,75.2,39.3,2.5,5.8,0,1,66.0,34.0,High Priority
52,1,20.0,0.552,1.241,1.592,0.35,0,3,17,6,6.8,13,10,5,69.5,57.9,3.3,1.2,0,0,20.4,79.6,Low Priority
53,1,18.0,0.381,1.31,1.642,0.332,1,3,10,5,5.9,71,16,7,71.8,57.7,3.9,4.1,0,2,35.9,64.1,Low Priority
74,2,14.0,-0.297,1.339,2.073,0.733,0,3,12,6,6.5,93,30,8,74.2,47.0,2.9,2.8,0,0,36.9,63.1,Low Priority
64,2,18.0,0.018,1.356,1.619,0.263,2,1,21,6,7.9,51,21,10,64.3,68.9,3.2,3.1,0,0,29.1,70.9,Low Priority
54,1,18.0,-0.659,1.456,2.022,0.566,4,2,9,6,5.9,80,49,7,75.6,53.1,3.4,3.7,0,1,44.8,55.2,Medium Priority
66,2,21.0,-0.079,1.287,1.59,0.303,0,2,11,6,6.9,175,165,9,72.0,52.2,2.3,6.9,0,1,59.3,40.7,High Priority
71,1,17.0,-0.292,1.545,2.498,0.953,0,2,14,6,6.8,57,41,6,83.6,59.0,3.4,3.7,0,0,33.8,66.2,Low Priority
52,2,22.0,0.642,1.43,2.043,0.613,0,2,16,3,6.7,76,57,3,74.4,55.6,3.6,4.9,0,0,35.1,64.9,Low Priority
59,2,22.0,0.68,1.187,1.943,0.756,0,2,19,6,6.8,70,4,2,72.8,47.3,3.5,2.5,0,0,33.7,66.3,Low Priority
44,1,17.0,0.453,1.635,1.871,0.236,0,3,20,5,6.4,72,44,11,69.2,55.1,3.4,3.8,0,1,36.1,63.9,Low Priority
46,1,18.0,0.769,1.013,1.716,0.703,1,3,16,6,6.5,23,27,4,76.2,57.7,3.8,3.6,0,2,35.1,64.9,Low Priority
69,2,21.0,0.282,1.306,1.619,0.313,1,3,9,6,6.2,133,97,8,68.3,44.8,3.5,6.7,0,2,51.8,48.2,Medium Priority
46,2,22.0,0.143,1.55,1.984,0.433,4,3,3,6,6.8,72,22,8,60.1,47.8,3.4,2.6,0,0,33.8,66.2,Low Priority
63,2,18.0,0.791,1.16,2.026,0.866,0,3,11,5,5.5,80,51,7,76.6,52.6,3.0,3.1,0,2,43.5,56.5,Medium Priority
70,2,17.0,-0.723,1.399,1.504,0.106,1,2,7,5,7.4,77,11,8,74.8,55.3,3.9,4.6,0,0,31.6,68.4,Low Priority
43,2,19.0,0.433,1.453,1.912,0.46,0,3,15,6,5.8,62,13,8,75.6,64.9,3.5,5.7,0,0,30.2,69.8,Low Priority
65,2,20.0,-0.165,1.128,1.655,0.526,0,0,15,6,7.4,24,21,8,66.1,61.4,3.6,3.3,0,0,20.1,79.9,Low Priority
51,2,17.0,-0.654,1.31,1.86,0.55,0,1,4,6,6.5,32,16,7,74.3,63.5,4.1,1.8,0,0,25.2,74.8,Low Priority
81,2,20.0,0.925,1.291,1.565,0.274,0,3,17,6,6.1,48,13,5,66.4,57.2,2.9,2.2,0,0,20.3,79.7,Low Priority
62,1,13.0,-0.521,1.2,2.194,0.994,0,3,9,6,6.8,5,2,13,72.1,61.4,3.1,2.8,0,2,36.7,63.3,Low Priority
74,1,13.0,-0.671,1.859,1.893,0.034,1,3,12,5,7.1,119,81,10,72.8,53.8,2.4,5.3,0,1,51.0,49.0,Medium Priority
64,2,18.0,0.352,1.151,1.967,0.816,4,1,15,5,6.0,5,2,6,76.5,61.1,4.1,2.3,0,0,26.9,73.1,Low Priority
40,1,18.0,0.003,1.559,2.306,0.747,0,3,12,3,6.8,153,98,12,68.8,39.4,3.2,4.3,0,3,64.5,35.5,High Priority
67,2,17.0,0.301,1.236,2.178,0.942,0,3,12,6,5.1,58,6,7,69.5,56.4,2.8,5.0,0,0,34.2,65.8,Low Priority
81,2,19.0,0.135,1.076,1.027,-0.049,0,3,5,5,6.4,45,3,6,67.6,64.2,3.6,3.0,0,2,22.2,77.8,Low Priority
66,2,17.0,0.009,1.351,1.506,0.155,1,3,11,5,7.6,50,37,8,62.0,59.3,3.6,4.1,0,0,21.6,78.4,Low Priority
74,1,16.0,-0.064,1.477,2.303,0.826,0,3,16,5,6.3,65,31,9,68.4,51.1,2.5,1.7,0,1,39.7,60.3,Low Priority
77,1,17.0,0.083,1.54,1.409,-0.131,2,2,20,5,5.7,47,30,9,72.8,53.4,3.3,4.9,0,0,30.8,69.2,Low Priority
49,1,22.0,0.579,1.688,1.634,-0.054,12,3,11,6,5.4,42,38,6,68.6,54.0,2.7,2.5,0,0,32.4,67.6,Low Priority
48,1,18.0,-0.42,2.007,2.271,0.263,5,3,12,5,5.5,36,15,10,81.4,58.1,3.5,4.8,0,1,41.6,58.4,Medium Priority
66,1,18.0,0.567,1.385,1.841,0.457,0,3,15,6,6.6,95,48,3,67.7,52.0,2.9,5.1,0,1,39.5,60.5,Low Priority
58,2,19.0,1.114,1.174,2.028,0.854,3,3,21,6,6.1,62,31,7,72.7,45.2,3.6,2.0,0,1,46.1,53.9,Medium Priority
75,2,22.0,0.649,1.432,1.781,0.349,1,3,9,6,6.7,84,18,3,69.2,70.2,4.2,4.5,0,0,28.3,71.7,Low Priority
78,2,17.0,0.016,1.266,1.495,0.229,0,3,12,5,6.8,127,78,14,64.3,57.8,3.5,7.0,0,3,50.6,49.4,Medium Priority
55,2,20.0,0.333,1.541,2.031,0.49,1,3,17,6,7.3,104,58,8,70.9,53.4,3.7,3.9,0,1,40.9,59.1,Medium Priority
50,1,20.0,0.618,1.027,1.563,0.535,2,3,14,5,6.9,11,22,10,72.5,64.9,3.7,4.7,0,1,29.9,70.1,Low Priority
73,2,20.0,-0.043,1.874,2.401,0.527,0,3,7,6,6.6,106,84,11,74.0,54.3,2.4,5.1,0,1,50.9,49.1,Medium Priority
52,2,14.0,-1.198,1.525,1.876,0.351,0,1,14,5,7.4,116,113,7,73.0,54.2,2.6,6.4,0,2,51.7,48.3,Medium Priority
74,1,20.0,0.475,0.938,0.785,-0.153,0,2,8,6,7.1,59,34,1,69.8,59.2,3.5,3.9,0,2,26.8,73.2,Low Priority
59,2,14.0,-0.344,1.163,1.305,0.141,1,3,13,6,6.2,22,10,9,75.4,61.8,3.3,2.8,0,2,31.0,69.0,Low Priority
68,1,19.0,0.357,1.516,2.321,0.805,0,3,13,6,7.1,131,111,15,87.1,54.8,2.4,7.3,0,2,66.4,33.6,High Priority
43,2,20.0,0.449,1.599,2.054,0.455,3,3,18,6,6.4,65,9,9,63.5,47.7,3.8,4.7,0,1,33.9,66.1,Low Priority
67,2,16.0,0.462,1.033,1.344,0.31,1,3,12,6,7.0,43,2,6,60.3,62.7,3.4,3.1,0,1,25.8,74.2,Low Priority
60,1,21.0,0.294,1.492,2.211,0.72,1,2,10,6,6.0,72,17,7,73.8,55.3,4.1,4.4,0,0,29.9,70.1,Low Priority
65,2,12.0,-0.281,0.877,0.958,0.081,0,2,9,5,6.8,47,58,6,60.6,59.5,3.3,2.8,0,1,22.2,77.8,Low Priority
46,2,21.0,1.116,1.306,1.644,0.338,1,3,18,6,7.2,146,115,11,75.2,52.4,3.5,5.5,0,2,60.0,40.0,High Priority
71,2,19.0,-0.316,1.584,2.025,0.441,0,2,8,6,7.2,99,45,7,68.8,61.9,3.8,5.9,0,0,32.3,67.7,Low Priority
76,2,16.0,-0.181,1.2,1.476,0.277,0,3,12,6,7.4,203,136,16,74.8,50.5,3.6,6.4,0,3,68.7,31.3,High Priority
49,2,15.0,-0.531,0.979,1.41,0.431,0,2,8,6,7.4,5,4,3,63.7,62.5,3.9,1.6,0,0,9.9,90.1,Low Priority
43,1,22.0,0.404,1.361,1.709,0.349,0,3,16,6,7.1,23,2,13,67.0,62.1,3.7,1.8,0,1,24.1,75.9,Low Priority
38,1,14.0,-0.405,1.187,1.192,0.005,1,3,12,5,7.1,96,41,7,70.4,58.5,3.3,4.5,0,3,43.4,56.6,Medium Priority
67,1,16.0,-0.211,1.472,1.926,0.454,0,3,11,5,6.5,177,152,9,77.4,38.9,3.0,5.1,0,2,63.9,36.1,High Priority
66,2,18.0,0.216,1.122,1.147,0.025,0,3,11,5,7.8,38,31,9,59.5,63.8,3.3,1.5,0,1,25.8,74.2,Low Priority
64,2,20.0,0.244,1.149,1.598,0.449,0,1,18,5,6.6,5,2,7,68.0,60.5,3.4,1.2,0,0,18.1,81.9,Low Priority
49,2,19.0,0.858,0.86,1.652,0.792,13,3,13,6,6.0,17,11,6,81.4,54.6,3.7,4.3,0,0,41.0,59.0,Medium Priority
57,2,15.0,-0.159,1.366,1.688,0.322,1,3,15,6,6.2,5,12,10,70.0,56.3,3.4,2.4,0,1,25.6,74.4,Low Priority
66,1,17.0,0.154,1.29,1.359,0.069,1,3,19,5,6.5,49,18,4,69.1,42.8,3.9,3.5,0,2,37.3,62.7,Low Priority
62,1,17.0,0.573,1.052,1.418,0.366,0,3,19,6,6.8,54,2,8,73.7,66.7,3.3,2.4,0,0,27.2,72.8,Low Priority
83,1,16.0,-0.636,1.372,1.537,0.166,0,2,10,6,6.4,103,105,20,70.7,55.2,2.7,3.9,0,1,54.9,45.1,Medium Priority
44,1,18.0,0.331,1.564,2.135,0.571,11,3,22,6,6.1,68,32,6,78.0,46.5,3.3,3.1,0,0,48.8,51.2,Medium Priority
69,1,20.0,0.392,1.277,1.637,0.36,0,3,3,6,6.0,101,50,4,69.4,50.0,2.8,4.2,0,0,40.8,59.2,Medium Priority
58,2,16.0,-0.207,1.389,2.277,0.888,0,3,11,6,6.5,32,3,4,76.0,63.4,4.0,1.1,0,0,20.8,79.2,Low Priority
59,1,18.0,0.492,1.39,2.122,0.732,1,2,19,5,6.5,5,2,10,74.6,51.2,3.7,3.9,0,1,33.9,66.1,Low Priority
71,1,18.0,0.638,1.049,1.407,0.359,0,3,10,6,5.8,78,39,5,69.7,57.2,3.2,4.0,0,0,31.1,68.9,Low Priority
69,1,22.0,0.084,1.802,2.407,0.605,2,3,10,6,5.9,126,98,10,77.2,43.8,2.4,5.3,0,4,68.8,31.2,High Priority
83,1,22.0,0.205,1.218,1.509,0.29,1,2,10,6,6.9,59,33,16,72.5,60.4,3.4,4.8,0,1,38.9,61.1,Low Priority
44,2,21.0,0.504,1.479,1.89,0.412,0,3,14,6,6.9,110,94,10,63.6,52.1,2.7,5.7,0,1,43.6,56.4,Medium Priority
43,2,17.0,0.143,1.505,1.804,0.299,0,3,12,6,6.6,106,74,8,69.6,51.3,3.5,3.9,0,1,40.3,59.7,Medium Priority
71,2,14.0,-0.219,1.295,1.914,0.62,0,3,16,6,7.0,45,3,10,72.4,61.4,4.2,4.1,0,2,31.5,68.5,Low Priority
65,1,17.0,0.406,1.467,2.276,0.809,3,3,19,5,6.1,99,10,8,71.2,52.0,4.2,5.2,0,0,36.9,63.1,Low Priority
52,1,17.0,0.378,1.384,2.013,0.629,1,3,15,3,6.5,80,48,10,74.4,44.8,3.5,4.5,0,0,45.9,54.1,Medium Priority
42,2,19.0,0.284,1.0,1.663,0.664,0,3,8,6,6.9,93,26,7,62.1,53.6,3.5,5.6,0,1,36.9,63.1,Low Priority
42,1,21.0,0.817,1.25,1.914,0.664,0,3,20,6,7.2,53,15,4,66.0,53.7,3.7,4.5,0,0,30.4,69.6,Low Priority
78,1,21.0,0.433,1.186,1.744,0.559,1,2,9,6,6.2,51,24,4,76.1,47.9,3.7,4.4,0,0,36.5,63.5,Low Priority
47,1,21.0,0.528,1.22,1.299,0.078,1,3,8,6,6.6,59,26,7,65.2,60.6,3.7,5.3,0,0,20.9,79.1,Low Priority
54,1,18.0,0.074,1.026,1.911,0.885,0,3,6,6,6.2,107,108,9,72.3,47.6,2.7,4.7,0,3,56.5,43.5,High Priority
49,1,20.0,-0.093,1.587,2.502,0.914,0,2,13,6,6.1,41,4,9,77.1,55.7,3.4,3.4,0,0,39.4,60.6,Low Priority
55,1,17.0,-0.469,1.697,2.033,0.336,0,3,7,6,7.4,5,14,5,68.0,61.9,4.2,3.6,0,1,22.1,77.9,Low Priority
41,2,13.0,-1.143,1.553,1.85,0.297,1,3,7,5,6.9,42,34,5,63.3,60.7,3.2,3.1,0,0,19.8,80.2,Low Priority
63,1,20.0,0.26,1.62,2.196,0.576,9,3,10,6,5.1,85,53,6,78.7,50.0,3.5,4.8,0,0,49.8,50.2,Medium Priority
41,1,10.0,-0.916,1.247,1.806,0.558,0,3,10,6,6.3,103,44,6,69.2,49.4,3.2,3.9,0,0,36.1,63.9,Low Priority
74,2,18.0,-0.159,1.18,1.525,0.345,1,3,14,5,7.0,192,127,8,72.9,53.9,2.6,3.6,0,1,50.2,49.8,Medium Priority
50,1,17.0,-0.139,1.147,1.194,0.047,0,1,17,5,6.5,95,71,10,72.4,56.3,2.8,5.1,0,1,47.4,52.6,Medium Priority
64,1,20.0,1.712,1.476,1.965,0.489,0,8,16,6,6.2,69,36,3,66.9,64.7,3.5,2.0,0,0,24.6,75.4,Low Priority
77,2,21.0,0.738,1.379,1.938,0.559,0,3,9,4,7.4,64,10,4,72.3,60.0,4.1,2.9,0,2,31.1,68.9,Low Priority
68,1,17.0,-0.156,1.309,1.917,0.608,2,3,9,6,6.1,22,26,4,77.6,56.5,3.2,3.9,0,0,30.0,70.0,Low Priority
63,1,21.0,0.487,1.626,2.127,0.501,0,3,22,6,7.1,93,53,5,73.7,54.2,3.8,5.4,0,1,36.1,63.9,Low Priority
54,2,17.0,-0.394,1.421,1.746,0.325,1,3,0,6,7.4,90,81,10,71.6,55.3,3.0,5.7,0,1,40.9,59.1,Medium Priority
54,1,18.0,0.229,1.133,1.818,0.684,0,2,19,6,6.2,169,144,9,73.7,45.9,2.4,3.5,0,1,65.9,34.1,High Priority
68,2,20.0,0.261,1.17,1.59,0.421,0,3,8,6,6.3,59,41,10,76.6,53.1,2.8,4.0,0,0,34.1,65.9,Low Priority
83,2,20.0,0.766,1.485,1.755,0.27,0,3,21,6,6.6,73,33,7,68.8,57.0,3.8,3.7,0,0,33.3,66.7,Low Priority
68,1,22.0,-0.044,1.568,1.918,0.351,1,2,11,6,5.9,43,0,6,64.9,59.1,3.4,4.5,0,0,22.1,77.9,Low Priority
64,2,16.0,-1.017,1.454,1.361,-0.094,0,1,12,6,7.0,55,3,11,66.7,59.5,4.3,5.4,0,2,24.1,75.9,Low Priority
71,2,20.0,0.527,1.765,2.115,0.35,1,3,15,6,6.3,45,7,5,71.7,60.1,3.9,1.8,0,1,25.6,74.4,Low Priority
61,1,20.0,0.31,1.705,2.302,0.598,0,3,14,6,6.6,36,2,5,73.0,60.2,3.8,3.2,0,2,27.8,72.2,Low Priority
41,2,22.0,0.192,1.429,1.927,0.498,0,2,10,5,7.5,99,23,7,61.2,54.7,4.3,5.5,0,0,29.2,70.8,Low Priority
64,1,15.0,0.023,1.133,1.967,0.834,0,3,13,6,7.1,9,18,11,73.7,53.4,3.8,2.3,0,3,34.2,65.8,Low Priority
81,2,20.0,0.964,1.024,1.352,0.327,0,3,16,6,7.3,117,45,4,67.7,61.3,4.1,6.9,0,1,34.0,66.0,Low Priority
46,1,19.0,0.268,1.238,1.778,0.54,0,3,4,5,5.5,56,34,6,77.9,49.7,2.9,3.1,0,3,42.9,57.1,Medium Priority
69,2,17.0,-0.636,1.501,2.128,0.627,0,3,2,6,6.8,84,40,8,68.9,49.5,3.5,3.8,0,3,46.6,53.4,Medium Priority
48,1,19.0,0.024,1.749,2.816,1.067,1,3,12,5,7.0,49,28,5,75.8,62.4,3.8,2.2,0,1,36.0,64.0,Low Priority
64,2,17.0,-0.597,1.423,1.867,0.443,1,2,7,6,4.8,26,14,3,73.9,46.7,2.4,3.2,0,2,40.0,60.0,Medium Priority
43,1,19.0,-0.114,1.597,1.702,0.105,0,2,15,6,7.2,179,137,10,79.1,42.4,3.3,2.5,0,1,60.5,39.5,High Priority
60,1,21.0,0.527,1.27,1.913,0.643,0,3,9,4,6.5,60,4,13,64.1,53.8,3.3,3.4,0,1,34.6,65.4,Low Priority
72,2,19.0,0.19,1.471,2.403,0.932,0,3,12,6,5.8,166,125,11,74.0,45.0,2.0,7.3,0,2,71.6,28.4,Immediate Priority
55,2,20.0,0.263,1.517,1.828,0.31,0,3,8,6,7.2,32,16,9,65.4,59.5,2.6,1.5,0,1,27.4,72.6,Low Priority
68,2,19.0,0.849,0.87,1.511,0.641,0,3,13,5,7.9,152,32,4,75.5,70.9,4.1,3.6,0,2,38.7,61.3,Low Priority
73,2,13.0,-0.853,1.231,1.982,0.751,3,3,7,6,6.8,64,5,7,79.1,54.4,2.9,5.1,0,1,43.8,56.2,Medium Priority
79,2,16.0,-0.881,1.546,2.237,0.691,0,3,3,6,6.2,56,3,6,67.9,56.7,3.2,5.1,0,3,38.9,61.1,Low Priority
50,2,19.0,-0.371,1.39,1.828,0.438,0,2,5,6,6.1,46,25,6,70.2,60.7,3.7,1.8,0,2,32.3,67.7,Low Priority
58,1,17.0,0.515,1.051,1.254,0.204,0,1,22,5,7.1,74,60,5,70.0,54.5,3.5,6.1,0,2,40.6,59.4,Medium Priority
45,2,16.0,0.056,0.766,1.145,0.379,0,3,7,5,7.6,37,14,3,68.3,67.0,3.6,3.8,0,1,25.4,74.6,Low Priority
83,2,19.0,-0.088,1.243,1.775,0.532,1,1,15,5,6.4,94,37,7,77.4,46.1,2.7,5.6,0,1,46.4,53.6,Medium Priority
79,2,17.0,-0.585,1.31,1.97,0.66,0,2,5,6,6.4,19,14,6,66.9,65.1,3.4,1.9,0,0,22.8,77.2,Low Priority
64,2,17.0,-0.068,1.123,1.62,0.497,0,3,7,6,8.5,25,22,7,63.4,68.7,4.3,4.8,0,2,23.2,76.8,Low Priority
75,1,19.0,0.363,1.36,1.654,0.294,1,3,13,6,7.4,149,106,10,62.3,49.8,3.4,5.2,0,2,50.9,49.1,Medium Priority
63,1,15.0,-0.005,1.444,2.004,0.56,0,3,12,6,7.3,124,87,11,77.6,57.2,3.9,4.6,0,1,48.9,51.1,Medium Priority
67,2,22.0,0.73,1.482,2.128,0.646,1,2,21,5,5.5,42,32,7,74.0,58.0,3.0,3.9,0,1,34.0,66.0,Low Priority
42,2,21.0,0.403,0.783,1.293,0.51,1,0,21,6,6.5,14,12,7,66.2,53.0,3.1,2.3,0,0,26.8,73.2,Low Priority
72,2,20.0,1.136,1.023,1.188,0.165,0,2,16,6,7.1,74,9,6,67.7,59.1,4.1,2.2,0,1,25.2,74.8,Low Priority
44,2,15.0,-0.028,1.257,1.607,0.35,1,3,14,6,6.1,176,138,11,75.0,53.7,2.6,6.2,0,2,67.3,32.7,High Priority
75,2,21.0,0.336,1.459,2.13,0.671,0,3,12,6,7.5,5,10,9,74.5,59.7,3.9,2.2,0,1,25.3,74.7,Low Priority
73,1,21.0,0.71,1.44,1.449,0.009,1,3,11,6,7.7,71,74,4,64.5,59.8,3.2,3.0,0,2,33.0,67.0,Low Priority
70,2,21.0,0.738,1.436,1.244,-0.192,0,3,21,6,6.7,40,20,8,78.0,60.1,2.6,4.8,0,2,37.7,62.3,Low Priority
39,1,15.0,0.305,1.238,2.069,0.83,0,3,14,5,7.6,228,180,9,82.4,50.9,2.2,9.9,1,3,83.0,17.0,Immediate Priority
53,1,20.0,0.134,1.251,1.799,0.547,1,2,14,6,6.6,64,20,6,77.6,59.7,3.8,2.7,0,0,30.1,69.9,Low Priority
51,1,21.0,0.877,1.159,1.733,0.574,3,3,9,5,8.1,77,19,9,63.1,62.7,4.2,4.3,0,0,27.9,72.1,Low Priority
55,2,19.0,-0.078,1.504,1.601,0.096,56,3,5,6,3.5,37,45,9,86.5,35.5,2.9,2.8,0,2,54.4,45.6,Medium Priority
42,1,20.0,1.243,1.114,1.726,0.611,1,3,21,4,7.0,181,146,11,72.8,51.8,3.0,8.9,1,3,81.5,18.5,Immediate Priority
80,1,18.0,1.71,1.523,2.004,0.48,0,8,10,5,7.4,233,168,9,74.0,50.7,3.1,7.8,1,2,70.0,30.0,Immediate Priority
64,2,19.0,-0.23,1.375,1.327,-0.048,0,2,12,6,7.8,118,55,7,73.1,53.7,3.8,6.0,0,0,38.7,61.3,Low Priority
53,1,12.0,-0.495,1.317,2.123,0.806,0,3,7,6,6.8,101,63,9,76.1,47.2,3.2,5.9,0,0,48.5,51.5,Medium Priority
57,2,20.0,0.49,1.175,1.622,0.447,0,3,17,6,6.7,125,37,3,63.4,59.4,3.5,5.2,0,0,31.5,68.5,Low Priority
60,2,14.0,-1.401,1.014,1.303,0.29,0,0,4,6,7.3,108,63,9,74.0,58.9,2.0,4.4,0,0,44.1,55.9,Medium Priority
66,2,18.0,-0.474,1.177,1.472,0.295,3,0,17,6,6.2,144,88,9,75.1,41.7,2.6,7.2,0,1,64.0,36.0,High Priority
63,2,17.0,0.032,1.251,1.08,-0.17,0,3,7,6,7.2,60,29,5,65.2,57.2,3.4,4.6,0,0,25.0,75.0,Low Priority
79,1,19.0,1.076,0.78,1.35,0.571,0,3,19,4,6.3,53,43,12,67.1,57.7,3.4,2.5,0,2,35.7,64.3,Low Priority
62,2,15.0,-0.852,1.281,1.758,0.476,0,0,16,6,5.7,42,34,7,73.8,56.5,2.7,2.5,0,1,34.6,65.4,Low Priority
83,1,20.0,0.125,1.541,1.887,0.347,2,3,8,6,6.5,71,37,8,68.8,52.2,3.8,3.5,0,0,30.5,69.5,Low Priority
76,2,21.0,0.333,1.458,2.223,0.765,1,2,13,6,7.1,123,99,16,75.8,50.0,2.7,6.4,0,1,64.0,36.0,High Priority
48,1,16.0,0.094,1.212,1.221,0.009,1,3,10,5,7.5,5,19,10,58.5,58.1,4.2,4.4,0,3,23.4,76.6,Low Priority
79,2,14.0,-0.538,1.338,1.57,0.233,0,2,8,6,6.8,14,10,5,65.3,66.1,3.2,5.4,0,0,25.1,74.9,Low Priority
44,1,15.0,0.253,1.199,1.359,0.161,2,2,18,5,7.9,49,27,9,67.4,63.2,3.6,2.6,0,1,29.1,70.9,Low Priority
74,1,21.0,0.492,1.361,1.684,0.323,0,3,11,6,6.4,58,10,4,76.6,54.5,3.4,3.8,0,1,37.3,62.7,Low Priority
56,1,19.0,-0.414,1.683,2.104,0.421,3,2,11,6,5.1,60,31,4,72.2,44.5,2.8,3.2,0,0,39.1,60.9,Low Priority
77,1,19.0,0.085,1.551,2.075,0.524,0,3,8,6,5.2,133,105,7,87.3,38.5,3.0,4.9,0,1,58.9,41.1,High Priority
76,2,15.0,-0.835,1.447,1.751,0.303,0,2,11,6,6.0,48,43,13,74.9,62.7,3.0,4.6,0,2,43.0,57.0,Medium Priority
74,1,20.0,0.644,1.213,1.366,0.153,0,3,18,6,7.5,117,87,8,71.0,55.3,3.2,4.8,0,0,38.9,61.1,Low Priority
73,2,21.0,0.298,1.5,2.381,0.881,1,2,11,6,5.9,70,8,6,68.5,51.5,3.2,5.5,0,0,41.3,58.7,Medium Priority
53,2,21.0,1.238,0.937,2.024,1.087,0,3,21,6,6.8,137,104,10,71.8,49.2,3.0,4.6,0,1,58.0,42.0,High Priority
42,2,20.0,0.61,1.269,1.711,0.443,3,3,21,6,7.5,33,41,7,69.8,55.5,3.8,4.0,0,0,36.2,63.8,Low Priority
58,1,14.0,-1.202,1.462,1.649,0.187,0,2,7,5,6.1,5,1,5,66.1,57.2,3.3,2.1,0,3,22.6,77.4,Low Priority
46,1,15.0,-0.483,1.498,2.319,0.821,0,3,8,6,6.7,89,45,5,70.3,53.5,3.2,2.1,0,1,41.6,58.4,Medium Priority
69,2,13.0,-0.655,1.482,1.473,-0.009,0,1,18,5,7.2,160,136,14,72.7,51.2,3.1,4.5,0,1,51.7,48.3,Medium Priority
55,1,17.0,0.192,1.395,1.702,0.307,0,3,11,6,6.2,31,3,5,67.6,51.4,3.7,3.3,0,0,16.1,83.9,Low Priority
82,1,15.0,-0.881,1.282,1.486,0.204,0,2,0,6,7.7,53,39,8,70.4,64.8,3.1,5.9,0,3,40.6,59.4,Medium Priority
67,2,17.0,0.28,1.451,1.524,0.073,0,3,10,6,6.7,153,111,6,71.2,48.5,2.8,5.0,0,3,55.4,44.6,High Priority
74,2,18.0,0.44,1.107,1.429,0.322,1,3,14,6,6.6,22,0,9,70.7,56.9,3.6,2.7,0,0,27.9,72.1,Low Priority
44,2,22.0,1.032,1.132,1.288,0.157,0,3,17,6,8.3,69,44,5,67.1,59.1,4.1,4.5,0,3,33.2,66.8,Low Priority
76,1,20.0,-0.285,1.341,1.747,0.406,6,3,7,5,6.6,36,28,6,61.4,51.3,3.5,2.5,0,1,33.4,66.6,Low Priority
79,2,21.0,0.242,1.367,1.777,0.41,1,3,7,6,7.2,72,19,7,67.9,60.5,4.2,3.4,0,1,33.4,66.6,Low Priority
62,1,20.0,1.296,0.905,1.131,0.226,2,3,20,5,7.8,68,44,9,55.0,66.0,3.5,3.9,0,1,29.9,70.1,Low Priority
66,1,15.0,0.197,1.432,1.729,0.297,0,3,16,6,6.4,47,2,1,63.9,54.4,3.6,2.9,0,0,18.9,81.1,Low Priority
72,2,20.0,0.2,1.506,1.842,0.336,0,3,14,3,7.4,62,62,6,70.6,47.0,3.0,1.6,0,0,34.2,65.8,Low Priority
46,1,17.0,0.056,1.309,1.941,0.632,0,2,16,6,6.3,73,0,9,71.4,52.1,3.6,3.2,0,1,35.6,64.4,Low Priority
62,1,20.0,0.175,1.876,2.235,0.36,1,3,12,5,6.0,77,16,6,61.7,51.6,2.8,4.8,0,3,31.8,68.2,Low Priority
57,1,17.0,0.365,1.169,1.805,0.636,2,3,16,6,6.4,13,31,11,68.1,49.3,3.6,3.5,0,2,39.1,60.9,Low Priority
45,2,22.0,0.266,1.244,1.812,0.568,0,3,11,6,6.3,30,21,13,60.9,53.1,3.5,4.7,0,0,32.6,67.4,Low Priority
56,2,17.0,0.074,1.236,1.8,0.564,0,3,9,6,7.2,57,16,4,63.9,56.6,3.8,5.1,0,1,28.4,71.6,Low Priority
41,2,17.0,0.115,1.309,2.106,0.796,2,2,16,5,6.5,76,79,14,78.2,50.8,3.4,2.9,0,0,46.8,53.2,Medium Priority
38,2,22.0,0.527,1.251,1.335,0.084,0,3,11,6,6.7,148,122,8,71.7,43.8,2.9,4.6,0,3,58.7,41.3,High Priority
44,1,12.0,-0.127,1.002,1.27,0.268,1,2,24,5,7.3,133,93,13,71.4,58.7,2.6,4.3,0,1,55.5,44.5,High Priority
81,2,20.0,0.001,1.201,2.104,0.903,1,2,11,6,6.3,58,33,8,73.6,62.1,3.1,3.5,0,0,37.9,62.1,Low Priority
64,1,20.0,-0.012,1.304,1.633,0.329,2,2,20,6,6.4,140,97,7,73.5,58.3,2.9,4.6,0,1,51.1,48.9,Medium Priority
82,1,21.0,0.845,1.611,1.213,-0.397,0,3,20,6,7.1,126,114,16,77.2,50.6,2.9,4.8,0,2,54.9,45.1,Medium Priority
59,2,22.0,-0.148,1.836,2.18,0.344,0,2,9,6,6.8,5,23,5,67.2,59.2,3.4,1.6,0,0,16.3,83.7,Low Priority
54,2,22.0,0.11,1.635,2.076,0.44,1,0,17,6,6.7,68,14,10,71.8,59.5,4.3,4.8,0,2,35.3,64.7,Low Priority
62,1,14.0,0.017,1.148,0.807,-0.341,5,3,12,6,6.7,58,4,13,56.0,62.4,3.7,2.5,0,1,28.9,71.1,Low Priority
60,1,21.0,0.676,1.166,1.947,0.781,0,2,20,6,7.1,121,29,6,75.9,58.4,3.9,3.7,0,3,39.6,60.4,Low Priority
43,1,20.0,-0.1,1.29,1.49,0.199,0,1,12,6,6.8,105,131,7,68.7,53.4,1.9,5.2,0,1,47.9,52.1,Medium Priority
67,1,20.0,0.079,1.739,2.235,0.495,1,2,16,6,6.0,85,37,9,66.3,56.4,3.6,5.1,0,0,38.4,61.6,Low Priority
48,2,15.0,0.042,1.289,1.627,0.338,4,3,12,6,5.6,29,49,3,69.7,48.2,4.2,2.8,0,0,29.4,70.6,Low Priority
66,2,20.0,0.651,1.02,1.056,0.036,2,3,9,5,7.6,78,5,5,69.6,68.2,4.5,5.1,0,3,23.8,76.2,Low Priority
68,2,22.0,0.296,1.211,1.309,0.098,20,1,8,6,5.4,48,6,2,66.8,64.7,3.2,4.4,0,1,35.2,64.8,Low Priority
45,2,22.0,0.48,1.502,1.638,0.136,0,3,12,6,6.9,34,28,5,64.9,62.6,4.5,5.5,0,1,18.3,81.7,Low Priority
41,1,18.0,0.013,1.486,2.197,0.71,0,3,16,5,7.1,184,135,14,73.0,55.6,2.8,7.1,0,2,64.2,35.8,High Priority
73,2,13.0,-0.327,1.281,1.641,0.36,1,3,14,5,6.4,36,20,6,69.9,44.3,3.6,5.3,0,0,35.8,64.2,Low Priority
61,1,18.0,0.215,1.485,1.739,0.254,2,3,15,6,5.8,131,94,5,78.5,51.7,2.7,5.2,0,4,58.9,41.1,High Priority
41,2,21.0,0.7,0.802,0.938,0.137,0,3,10,6,7.3,40,5,6,73.2,65.2,3.8,5.0,0,0,17.2,82.8,Low Priority
83,2,20.0,0.153,1.351,2.093,0.742,0,3,12,6,6.7,116,43,7,83.7,59.6,2.5,6.5,0,0,50.7,49.3,Medium Priority
41,2,19.0,-0.365,1.526,2.344,0.818,2,2,4,6,6.1,116,41,5,77.5,45.9,3.5,4.6,0,1,52.6,47.4,Medium Priority
69,1,13.0,-0.427,1.135,1.873,0.738,0,2,17,6,7.5,103,88,11,74.9,51.9,3.0,3.7,0,2,50.9,49.1,Medium Priority
82,2,18.0,0.845,1.134,1.676,0.542,0,3,25,6,5.3,56,0,13,68.8,59.5,3.4,3.0,0,2,34.1,65.9,Low Priority
50,1,19.0,0.299,0.896,1.38,0.484,0,2,11,6,7.6,47,9,7,73.4,57.7,4.0,3.9,0,0,23.7,76.3,Low Priority
44,1,22.0,0.277,1.694,1.751,0.057,1,3,2,6,7.1,5,11,7,67.3,60.9,3.6,1.2,0,0,14.3,85.7,Low Priority
44,1,20.0,0.677,1.161,1.493,0.332,1,3,8,5,7.1,146,134,8,72.5,50.7,3.0,4.9,0,2,55.9,44.1,High Priority
53,1,17.0,-0.11,1.383,1.59,0.208,0,3,15,6,4.8,95,7,5,74.3,52.3,3.7,5.8,0,2,40.7,59.3,Medium Priority
43,2,19.0,0.168,1.467,1.35,-0.116,1,3,14,6,7.7,39,1,8,61.3,66.7,4.1,4.1,0,3,24.5,75.5,Low Priority
69,2,14.0,-0.282,1.676,2.378,0.702,1,3,16,6,5.7,88,34,8,64.8,45.1,3.1,1.4,0,2,45.1,54.9,Medium Priority
41,2,22.0,-0.111,1.291,1.496,0.204,1,0,9,6,6.5,57,33,3,72.0,53.1,3.3,2.0,0,1,36.5,63.5,Low Priority
63,2,18.0,0.45,1.202,1.944,0.742,1,3,16,5,6.4,99,83,11,82.1,50.3,3.1,7.1,0,0,57.3,42.7,High Priority
83,2,19.0,0.174,1.367,2.019,0.652,0,3,15,6,6.8,163,133,9,80.5,41.9,2.4,7.2,0,1,63.3,36.7,High Priority
74,1,18.0,-0.283,1.624,2.184,0.56,0,3,10,6,6.9,57,34,8,71.9,61.4,3.5,2.9,0,0,29.2,70.8,Low Priority
66,1,20.0,0.411,1.288,1.864,0.576,0,3,13,6,7.2,111,119,9,76.1,46.9,3.2,2.9,0,2,56.2,43.8,High Priority
53,2,20.0,0.527,1.106,1.334,0.227,0,3,8,6,7.5,62,58,6,68.9,62.7,3.6,2.2,0,1,28.2,71.8,Low Priority
67,1,20.0,1.09,0.971,1.901,0.93,0,3,12,6,6.8,60,13,6,71.5,53.5,3.6,4.3,0,1,31.5,68.5,Low Priority
63,2,17.0,0.453,1.045,1.459,0.414,2,3,19,6,7.0,138,118,16,72.8,55.4,2.8,7.6,1,2,67.1,32.9,High Priority
59,1,17.0,-0.352,1.527,2.014,0.488,1,3,11,6,5.8,79,49,3,72.3,43.5,3.3,6.4,0,2,39.7,60.3,Low Priority
44,1,15.0,0.098,1.253,1.471,0.218,2,3,18,6,6.3,59,24,8,76.4,64.2,3.0,1.8,0,0,30.9,69.1,Low Priority
77,1,20.0,0.849,1.187,1.324,0.138,0,3,14,6,7.5,88,51,3,69.7,65.2,3.3,3.9,0,1,28.9,71.1,Low Priority
60,1,13.0,-0.74,1.162,1.699,0.538,0,3,8,6,7.3,81,23,10,70.6,56.6,2.9,3.1,0,0,34.6,65.4,Low Priority
47,1,19.0,0.392,1.347,1.81,0.464,0,2,14,5,7.1,7,5,9,68.9,55.8,3.9,2.8,0,0,25.7,74.3,Low Priority
56,2,21.0,0.619,1.272,1.45,0.178,0,3,13,6,6.6,101,57,8,73.5,57.9,3.7,2.9,0,1,32.3,67.7,Low Priority
59,1,21.0,0.433,1.264,1.257,-0.007,0,3,11,6,7.6,126,78,8,73.3,50.1,3.9,4.4,0,1,39.5,60.5,Low Priority
75,2,18.0,-0.599,1.639,1.68,0.041,1,3,7,6,6.0,112,58,7,68.9,52.8,3.6,3.7,0,2,37.0,63.0,Low Priority
71,1,19.0,0.109,1.682,2.424,0.742,13,3,11,6,5.9,5,11,9,71.0,49.2,3.2,3.2,0,0,40.6,59.4,Medium Priority
72,1,14.0,-0.539,0.955,1.183,0.228,0,2,6,6,6.9,177,141,6,71.0,49.6,2.7,5.4,0,1,59.4,40.6,High Priority
37,1,20.0,-0.108,1.403,1.708,0.306,0,2,6,5,7.8,73,1,13,67.4,59.5,3.8,3.5,0,3,36.3,63.7,Low Priority
59,2,21.0,0.223,1.148,1.961,0.814,2,2,11,6,5.5,45,18,9,77.9,49.2,4.0,4.0,0,2,44.1,55.9,Medium Priority
62,1,17.0,-0.306,1.27,1.353,0.083,0,2,10,6,8.0,55,13,5,58.2,72.6,4.4,5.6,0,1,15.5,84.5,Low Priority
38,2,18.0,0.352,1.398,1.594,0.196,2,3,20,6,6.4,51,2,7,69.4,62.8,3.8,6.1,0,1,30.6,69.4,Low Priority
51,1,21.0,0.548,1.278,1.462,0.184,1,3,11,5,6.6,27,23,5,74.7,50.8,3.3,3.6,0,0,26.6,73.4,Low Priority
72,2,21.0,0.546,1.38,2.242,0.862,5,3,16,6,6.2,118,43,8,73.4,47.7,1.9,4.8,0,2,63.0,37.0,High Priority
44,1,17.0,-0.336,1.482,2.451,0.968,0,3,13,6,5.9,138,96,9,79.8,50.5,2.1,6.8,0,1,62.4,37.6,High Priority
64,2,19.0,0.089,1.395,2.01,0.615,1,0,15,4,6.5,222,180,9,85.1,47.8,1.5,8.3,1,1,80.9,19.1,Immediate Priority
48,2,16.0,-0.6,1.178,1.802,0.624,0,2,9,6,6.3,62,74,10,70.1,44.8,2.4,4.8,0,1,47.7,52.3,Medium Priority
37,2,14.0,-0.343,1.182,1.419,0.237,1,1,21,4,6.4,77,28,6,70.0,60.9,4.1,2.1,0,2,32.7,67.3,Low Priority
50,1,22.0,0.664,0.994,1.949,0.955,0,3,13,6,6.9,99,57,6,78.9,55.9,2.9,5.9,0,0,52.6,47.4,Medium Priority
82,1,21.0,0.537,1.13,1.608,0.478,0,3,17,6,6.3,153,83,12,70.3,42.1,2.6,6.0,0,0,56.6,43.4,High Priority
74,1,20.0,-0.528,1.78,2.425,0.644,0,1,11,6,5.9,50,28,2,78.1,49.6,2.8,2.4,0,0,42.4,57.6,Medium Priority
81,2,13.0,-0.481,1.144,1.516,0.372,1,3,6,5,6.0,74,69,6,73.2,51.6,4.0,3.2,0,0,35.4,64.6,Low Priority
62,2,21.0,0.899,1.051,1.377,0.326,2,2,15,6,6.5,41,29,7,66.1,58.0,3.6,4.0,0,1,35.9,64.1,Low Priority
43,2,18.0,-0.273,1.401,2.275,0.874,1,3,0,6,7.1,38,21,3,70.0,50.2,4.0,1.0,0,0,28.8,71.2,Low Priority
64,1,17.0,0.058,1.302,1.857,0.555,1,3,12,6,6.1,35,33,5,71.7,50.4,3.4,3.0,0,2,37.4,62.6,Low Priority
60,1,19.0,0.005,1.282,2.096,0.814,0,3,8,6,6.1,112,50,6,71.1,48.8,2.4,4.0,0,2,50.4,49.6,Medium Priority
75,1,14.0,-0.211,1.652,2.127,0.475,1,3,14,6,6.5,121,58,8,69.6,49.9,3.8,4.0,0,1,43.8,56.2,Medium Priority
43,2,20.0,0.957,1.454,1.615,0.161,0,3,23,5,6.6,44,19,6,68.6,55.3,3.8,2.8,0,1,27.1,72.9,Low Priority
62,2,19.0,-0.105,1.205,1.441,0.236,3,2,12,6,8.0,58,38,5,64.7,61.0,3.7,1.9,0,1,24.1,75.9,Low Priority
45,2,16.0,0.233,1.229,1.66,0.431,3,3,17,6,6.4,92,108,12,72.8,51.7,3.5,5.6,0,1,53.5,46.5,Medium Priority
54,1,16.0,0.11,1.211,1.435,0.224,0,3,13,6,7.1,215,168,11,76.8,57.3,2.4,4.2,0,1,54.8,45.2,Medium Priority
71,2,16.0,-0.303,1.529,1.617,0.087,2,3,12,6,7.2,82,11,12,68.4,64.9,3.7,4.3,0,2,36.9,63.1,Low Priority
61,2,13.0,0.102,1.256,1.999,0.743,0,3,20,5,7.1,23,9,12,64.5,65.5,3.6,1.9,0,0,24.4,75.6,Low Priority
56,1,19.0,1.121,0.913,1.16,0.247,0,3,19,4,7.2,77,50,8,67.2,56.9,4.1,6.4,0,0,35.4,64.6,Low Priority
57,2,21.0,0.697,1.316,1.757,0.441,1,3,16,6,6.5,64,24,5,59.8,51.8,3.9,3.8,0,3,31.1,68.9,Low Priority
61,2,11.0,-1.069,0.972,1.458,0.486,0,1,10,6,8.1,74,1,5,62.2,68.9,4.0,1.4,0,0,15.7,84.3,Low Priority
73,2,13.0,-0.531,1.832,2.067,0.235,1,3,13,6,6.4,53,19,5,69.5,55.4,3.0,4.2,0,2,38.8,61.2,Low Priority
77,2,19.0,0.298,1.104,1.918,0.814,0,2,9,6,6.4,107,73,9,78.2,55.3,3.0,3.3,0,1,45.6,54.4,Medium Priority
81,1,21.0,0.335,1.29,1.374,0.085,0,2,12,6,6.6,105,71,9,72.2,50.2,2.8,5.8,0,2,44.6,55.4,Medium Priority
73,1,17.0,-0.312,1.387,1.863,0.476,1,3,12,6,5.5,24,30,9,74.3,55.9,3.6,3.7,0,2,36.7,63.3,Low Priority
54,2,18.0,0.517,1.26,1.732,0.472,1,3,17,6,7.2,21,28,9,67.5,57.6,3.1,4.7,0,0,30.1,69.9,Low Priority
69,1,19.0,0.238,1.26,1.647,0.387,3,1,19,5,5.1,47,38,3,70.4,49.3,3.7,3.7,0,1,35.9,64.1,Low Priority
60,2,17.0,-0.61,1.424,1.458,0.034,1,3,11,5,6.8,66,11,6,62.1,58.1,4.1,4.8,0,0,23.9,76.1,Low Priority
51,2,12.0,-1.174,1.68,2.329,0.649,1,3,3,6,6.2,54,33,4,72.6,55.1,2.8,3.6,0,0,37.2,62.8,Low Priority
75,2,20.0,0.166,1.504,2.117,0.613,0,2,18,6,7.9,16,0,4,63.7,65.3,3.9,2.1,0,0,15.4,84.6,Low Priority
39,2,20.0,-0.059,1.669,1.879,0.21,0,3,8,6,5.6,45,29,7,71.3,50.9,2.9,4.7,0,1,35.5,64.5,Low Priority
78,1,19.0,0.424,1.085,1.688,0.603,0,3,14,6,6.2,44,18,12,70.5,58.3,3.7,1.9,0,0,28.2,71.8,Low Priority
61,1,20.0,-0.012,1.4,1.909,0.508,1,3,3,6,6.5,122,50,9,75.9,55.6,3.8,4.9,0,0,42.7,57.3,Medium Priority
67,1,20.0,0.648,1.363,1.401,0.038,1,3,11,5,6.7,71,45,10,69.6,60.9,3.9,3.2,0,0,24.2,75.8,Low Priority
68,1,16.0,0.261,1.408,1.568,0.159,0,3,24,6,6.5,31,21,7,70.6,62.6,3.4,4.1,0,0,26.5,73.5,Low Priority
78,1,18.0,-0.131,1.645,2.37,0.725,1,3,6,5,6.2,30,0,6,73.6,64.3,4.1,2.0,0,2,31.6,68.4,Low Priority
67,1,15.0,-0.301,1.276,1.766,0.49,0,3,12,5,6.0,86,13,10,68.9,53.5,3.9,3.7,0,3,41.3,58.7,Medium Priority
66,2,15.0,-0.031,1.233,1.475,0.242,0,3,10,6,7.1,62,45,10,67.9,65.3,3.4,3.8,0,0,30.0,70.0,Low Priority
41,2,20.0,0.059,1.45,1.609,0.158,0,1,19,5,5.4,5,3,7,72.9,56.1,3.4,4.4,0,2,26.1,73.9,Low Priority
63,1,21.0,1.232,0.916,1.172,0.256,2,3,18,6,6.9,22,5,4,77.6,56.3,4.5,2.3,0,1,21.4,78.6,Low Priority
45,1,22.0,0.62,1.272,1.548,0.276,1,3,9,5,6.4,79,46,7,66.0,52.2,3.8,3.6,0,1,36.4,63.6,Low Priority
71,2,20.0,-0.2,1.296,1.458,0.162,3,1,6,5,7.3,110,63,10,69.2,59.5,3.8,3.1,0,0,37.2,62.8,Low Priority
63,1,16.0,1.08,1.114,1.022,-0.093,0,8,14,6,8.2,72,17,6,58.2,69.3,5.0,2.8,0,0,13.5,86.5,Low Priority
69,1,15.0,-0.76,1.571,2.297,0.726,13,3,10,6,5.2,33,30,11,76.3,44.7,3.2,3.7,0,1,49.3,50.7,Medium Priority
40,1,21.0,0.426,1.082,1.759,0.678,0,1,15,5,7.6,137,131,9,72.8,47.7,3.1,5.3,0,1,56.7,43.3,High Priority
42,2,19.0,-0.386,1.296,1.336,0.04,0,3,4,4,6.8,151,130,10,73.9,48.1,3.2,5.6,0,3,60.3,39.7,High Priority
71,1,20.0,0.076,1.395,1.835,0.441,30,3,7,6,3.7,63,16,7,76.9,43.7,3.7,5.8,0,1,47.0,53.0,Medium Priority
41,2,21.0,0.404,1.64,1.785,0.146,0,3,15,6,7.8,72,74,19,66.1,47.2,3.2,1.9,0,1,34.4,65.6,Low Priority
41,1,20.0,0.157,1.325,1.652,0.328,1,3,9,6,7.0,54,40,7,60.3,46.4,3.4,6.4,0,1,37.4,62.6,Low Priority
37,2,21.0,0.48,1.543,1.847,0.304,0,3,18,6,6.7,181,166,8,83.3,43.6,2.1,7.5,0,2,74.3,25.7,Immediate Priority
81,1,13.0,-0.8,1.489,1.769,0.28,1,3,5,6,7.1,82,29,6,71.4,59.2,3.6,3.7,0,1,29.8,70.2,Low Priority
71,2,20.0,0.498,1.356,2.326,0.971,3,3,9,6,6.3,110,67,8,74.9,53.6,3.5,5.2,0,0,46.2,53.8,Medium Priority
55,2,21.0,0.796,1.075,1.352,0.277,0,1,31,6,6.9,117,65,9,66.1,49.5,3.0,4.0,0,0,42.7,57.3,Medium Priority
53,2,17.0,0.238,0.996,1.168,0.172,1,3,12,6,6.2,93,30,6,70.4,50.9,3.8,4.7,0,0,37.2,62.8,Low Priority
55,2,20.0,0.115,1.352,1.537,0.185,0,2,15,5,6.7,93,71,11,72.7,51.8,3.0,6.9,0,3,43.2,56.8,Medium Priority
72,2,17.0,-0.47,1.202,1.9,0.698,1,3,8,6,6.9,13,13,5,73.9,58.4,3.4,2.0,0,0,28.3,71.7,Low Priority
68,2,22.0,0.615,1.539,1.472,-0.067,0,3,14,5,6.8,5,5,10,70.7,65.4,4.3,2.3,0,0,14.3,85.7,Low Priority
47,2,12.0,-0.362,1.499,1.685,0.185,0,3,16,5,7.3,8,24,6,71.3,63.1,3.4,1.8,0,0,20.2,79.8,Low Priority
46,2,19.0,0.476,1.284,2.097,0.813,0,3,10,4,6.8,147,129,8,70.1,45.9,2.2,4.7,0,2,62.5,37.5,High Priority
43,1,16.0,-0.08,1.06,1.531,0.471,0,2,17,5,6.3,51,31,9,68.4,58.3,3.7,3.0,0,3,33.0,67.0,Low Priority
68,1,20.0,-0.11,1.445,1.901,0.457,3,2,14,6,5.6,94,45,6,77.1,47.3,3.0,3.1,0,1,49.6,50.4,Medium Priority
72,1,16.0,-0.447,1.092,2.099,1.008,0,1,11,6,6.4,74,44,9,69.6,53.8,3.7,3.7,0,2,40.0,60.0,Medium Priority
52,2,16.0,0.298,1.152,1.624,0.472,0,3,13,5,6.5,23,6,5,73.3,58.3,4.0,3.0,0,0,25.1,74.9,Low Priority
38,1,19.0,0.623,1.101,1.302,0.201,0,3,14,6,7.2,49,22,10,74.9,67.9,3.1,3.0,0,0,31.7,68.3,Low Priority
42,1,22.0,0.338,1.295,1.617,0.322,0,2,8,6,6.4,59,55,6,76.4,56.8,3.8,1.0,0,1,29.2,70.8,Low Priority
82,2,16.0,-0.105,1.597,1.677,0.08,1,3,11,6,6.3,215,160,12,80.5,41.7,3.1,6.6,0,2,66.0,34.0,High Priority
53,2,15.0,-0.371,1.326,2.085,0.759,10,3,11,6,6.4,18,8,9,69.8,52.4,3.9,2.8,0,1,36.6,63.4,Low Priority
72,2,20.0,0.445,1.225,1.79,0.565,0,3,11,5,6.8,24,23,12,72.7,55.9,4.1,5.3,0,0,34.7,65.3,Low Priority
67,1,19.0,1.108,0.975,1.696,0.721,2,3,16,6,6.2,54,4,9,66.0,49.7,3.6,3.6,0,2,36.5,63.5,Low Priority
57,2,22.0,0.541,1.455,2.201,0.746,1,3,12,6,6.4,56,12,11,68.4,54.3,3.4,4.7,0,1,36.5,63.5,Low Priority
48,1,15.0,-0.199,1.147,1.431,0.284,0,2,21,6,7.7,7,21,7,62.0,61.5,3.9,2.1,0,1,19.0,81.0,Low Priority
44,1,20.0,0.203,1.354,1.488,0.134,1,3,10,6,7.0,86,35,7,68.4,60.7,3.9,5.8,0,0,32.5,67.5,Low Priority
66,1,16.0,-0.216,1.245,1.632,0.387,0,3,11,6,7.2,22,11,9,64.5,63.4,4.1,1.8,0,0,18.8,81.2,Low Priority
72,1,15.0,-0.121,1.521,1.675,0.154,1,3,16,6,6.2,31,11,8,70.0,57.7,3.3,3.7,0,0,26.6,73.4,Low Priority
68,1,20.0,0.333,1.291,1.74,0.449,3,3,13,5,7.1,101,67,10,73.7,47.1,3.1,5.5,0,0,48.6,51.4,Medium Priority
63,2,19.0,-0.134,1.313,2.037,0.724,0,1,13,6,7.9,191,147,12,72.5,44.2,2.2,7.2,0,2,72.4,27.6,Immediate Priority
40,1,20.0,-0.084,1.439,1.793,0.354,3,3,5,5,6.0,58,17,9,70.5,52.4,3.7,6.3,0,0,27.1,72.9,Low Priority
82,2,17.0,-0.82,1.814,2.258,0.445,1,3,11,6,5.6,80,52,6,71.1,52.9,2.8,3.4,0,0,44.0,56.0,Medium Priority
73,2,18.0,-0.046,1.532,1.908,0.375,0,3,9,6,6.7,32,13,7,68.4,60.8,3.5,4.8,0,2,29.7,70.3,Low Priority
53,1,18.0,0.998,1.307,1.937,0.63,1,3,31,6,7.1,158,118,7,79.5,49.0,3.7,7.0,0,2,61.9,38.1,High Priority
82,2,22.0,0.714,1.328,1.54,0.212,0,3,10,6,6.8,77,50,9,73.7,68.2,3.7,4.1,0,2,42.3,57.7,Medium Priority
66,1,17.0,0.316,1.206,0.984,-0.222,12,3,19,6,5.6,148,73,9,77.3,60.7,3.0,7.7,1,1,59.9,40.1,High Priority
65,2,17.0,0.22,1.108,1.643,0.536,1,3,15,6,6.6,46,2,6,72.5,65.5,4.1,3.2,0,0,31.2,68.8,Low Priority
72,1,18.0,0.302,1.199,1.882,0.683,0,3,10,6,7.0,47,41,9,65.5,59.9,4.1,3.5,0,1,31.5,68.5,Low Priority
74,1,19.0,0.814,1.149,1.677,0.529,0,3,13,6,6.5,51,33,9,67.9,58.6,2.9,3.5,0,3,40.6,59.4,Medium Priority
68,1,17.0,-0.378,1.478,1.698,0.22,1,1,18,6,7.0,46,15,9,63.1,61.3,3.4,1.9,0,1,27.2,72.8,Low Priority
44,2,22.0,0.714,1.08,1.159,0.08,0,1,19,6,7.8,75,13,11,66.2,55.0,3.9,4.9,0,0,25.5,74.5,Low Priority
54,2,17.0,-0.981,1.635,2.177,0.542,0,1,8,6,6.6,104,39,5,67.1,48.9,2.9,5.3,0,2,39.7,60.3,Low Priority
79,1,21.0,0.027,1.501,1.943,0.442,0,3,10,6,6.6,75,55,2,71.9,52.6,3.2,3.9,0,4,40.9,59.1,Medium Priority
49,2,14.0,-0.2,1.332,1.698,0.366,0,3,10,6,7.3,7,1,6,66.5,61.8,3.2,4.8,0,0,25.0,75.0,Low Priority
56,2,20.0,0.302,1.327,2.247,0.92,0,3,4,5,5.9,40,37,4,66.0,51.2,3.6,2.8,0,2,31.7,68.3,Low Priority
59,2,22.0,1.024,1.198,1.331,0.133,0,3,14,6,6.4,44,8,9,63.2,60.7,3.5,1.3,0,0,14.4,85.6,Low Priority
60,2,16.0,-0.465,1.389,2.296,0.906,0,1,18,6,6.2,93,6,8,76.7,44.6,3.6,6.6,0,0,44.1,55.9,Medium Priority
66,2,22.0,0.275,1.578,1.989,0.411,1,2,11,6,6.2,86,43,5,73.9,55.8,3.3,5.4,0,0,39.7,60.3,Low Priority
80,2,18.0,0.392,1.165,1.045,-0.119,0,2,16,6,6.7,6,16,9,64.1,61.0,3.9,3.4,0,1,19.0,81.0,Low Priority
50,2,22.0,1.401,0.973,1.324,0.351,0,3,14,5,8.1,37,26,8,59.9,62.4,3.1,2.8,0,3,31.6,68.4,Low Priority
44,1,20.0,0.18,1.489,2.164,0.674,0,2,11,6,7.8,34,20,2,57.5,64.1,4.0,3.6,0,2,26.3,73.7,Low Priority
47,1,17.0,-0.464,1.402,1.7,0.298,1,2,7,6,6.5,56,47,5,76.9,49.7,3.1,2.1,0,0,37.2,62.8,Low Priority
77,1,16.0,0.023,1.068,1.051,-0.017,0,3,15,6,7.2,48,28,5,67.3,60.2,3.8,3.2,0,2,25.6,74.4,Low Priority
68,2,17.0,0.484,1.158,1.513,0.355,0,3,18,5,6.8,187,148,12,84.0,50.0,2.2,5.2,0,3,71.0,29.0,Immediate Priority
53,2,14.0,-0.244,1.129,1.287,0.159,0,2,15,6,7.7,66,19,7,64.4,58.4,3.9,4.1,0,0,26.1,73.9,Low Priority
74,1,15.0,-0.258,1.16,1.701,0.542,2,3,3,6,7.4,117,60,9,73.3,46.8,3.9,5.9,0,0,47.3,52.7,Medium Priority
76,2,15.0,0.031,1.252,1.874,0.622,1,3,9,4,5.5,56,13,10,78.5,48.1,3.4,2.4,0,0,35.4,64.6,Low Priority
75,2,18.0,-0.055,1.265,1.367,0.102,1,3,5,5,7.2,12,31,9,74.8,59.5,3.3,3.6,0,0,31.6,68.4,Low Priority
79,1,21.0,1.196,1.177,1.378,0.202,1,3,14,6,6.1,39,36,3,73.0,54.6,3.2,3.5,0,0,30.3,69.7,Low Priority
51,2,15.0,-0.502,1.152,1.769,0.617,1,2,16,6,7.7,43,17,15,68.6,60.9,4.0,4.2,0,1,34.9,65.1,Low Priority
72,1,15.0,-0.255,1.274,1.432,0.158,0,3,7,6,7.2,61,28,10,67.3,56.5,3.8,3.4,0,2,30.7,69.3,Low Priority
61,1,20.0,0.447,1.366,1.46,0.095,1,3,17,5,6.3,65,14,12,64.0,51.5,3.7,4.6,0,1,35.6,64.4,Low Priority
75,2,16.0,-0.615,1.254,1.321,0.067,0,2,13,6,6.8,31,0,11,64.7,62.1,3.7,2.3,0,1,16.3,83.7,Low Priority
71,2,14.0,-0.461,1.595,2.097,0.502,1,3,15,6,6.3,41,10,9,72.4,54.8,3.5,1.3,0,2,39.0,61.0,Low Priority
73,1,16.0,-0.052,1.444,1.934,0.49,2,3,22,6,6.8,89,54,4,76.1,57.6,3.3,2.5,0,3,39.6,60.4,Low Priority
68,2,22.0,0.737,0.96,1.167,0.208,0,3,6,6,7.7,89,66,14,66.1,55.8,3.4,3.7,0,1,33.9,66.1,Low Priority
46,2,21.0,0.47,1.448,1.851,0.403,0,2,19,6,6.0,46,14,10,74.5,45.3,3.8,1.5,0,0,31.7,68.3,Low Priority
64,1,18.0,0.093,1.467,2.303,0.836,0,3,7,6,7.5,81,23,4,69.1,44.7,3.9,6.0,0,2,40.4,59.6,Medium Priority
82,1,20.0,-0.647,1.227,1.352,0.125,1,0,11,5,7.9,28,1,6,69.3,62.4,4.4,3.0,0,0,16.7,83.3,Low Priority
80,2,19.0,1.036,0.982,0.829,-0.152,1,3,18,6,6.7,41,12,7,70.7,62.5,4.2,4.4,0,1,22.8,77.2,Low Priority
40,1,20.0,0.461,1.329,1.86,0.531,3,2,19,5,6.5,96,67,10,77.8,51.5,3.3,5.4,0,0,46.9,53.1,Medium Priority
45,2,20.0,0.132,1.325,1.696,0.371,0,1,13,6,7.8,103,41,5,70.7,56.8,3.9,4.6,0,0,33.8,66.2,Low Priority
44,2,20.0,0.659,1.068,1.268,0.2,2,3,14,5,7.6,12,10,4,68.7,55.3,3.6,7.0,0,1,29.3,70.7,Low Priority
71,2,17.0,0.209,0.992,1.579,0.587,1,3,15,6,6.6,87,13,5,76.3,49.0,3.6,7.8,1,1,52.8,47.2,Medium Priority
74,1,13.0,-0.46,1.307,1.947,0.64,3,3,17,6,6.9,76,76,11,84.0,54.7,3.2,5.7,0,2,56.9,43.1,High Priority
48,2,18.0,-0.221,1.273,1.048,-0.225,0,3,7,4,8.5,23,10,10,69.7,65.9,3.4,1.9,0,0,18.4,81.6,Low Priority
62,1,21.0,0.667,1.231,1.447,0.217,0,2,17,5,7.0,66,18,7,69.2,58.1,3.9,5.5,0,1,32.6,67.4,Low Priority
75,1,19.0,0.628,1.308,2.368,1.06,1,3,12,6,5.9,104,49,5,73.5,42.6,2.8,2.5,0,1,44.5,55.5,Medium Priority
71,1,21.0,0.673,1.072,1.64,0.568,1,3,12,6,6.8,31,37,10,73.9,52.3,3.2,4.8,0,1,31.7,68.3,Low Priority
64,1,22.0,0.626,1.227,1.821,0.594,7,2,12,6,6.3,29,27,7,64.5,55.7,3.3,1.0,0,1,29.0,71.0,Low Priority
66,2,16.0,-0.431,1.45,2.185,0.735,0,3,13,6,6.2,139,103,11,81.8,48.9,2.7,4.9,0,3,64.3,35.7,High Priority
62,2,20.0,0.351,1.246,1.653,0.407,0,1,21,4,7.1,99,11,10,61.7,59.1,3.2,5.9,0,2,38.7,61.3,Low Priority
53,1,20.0,0.949,0.941,1.569,0.628,4,3,13,6,5.8,121,60,8,81.6,59.1,3.5,5.4,0,1,45.1,54.9,Medium Priority
64,2,22.0,0.896,1.218,1.824,0.606,1,3,22,5,6.2,30,7,11,81.1,53.9,3.8,1.3,0,2,37.3,62.7,Low Priority
69,1,22.0,0.704,1.08,1.635,0.555,1,3,8,6,7.2,12,43,9,65.1,64.2,4.4,2.9,0,0,19.8,80.2,Low Priority
77,2,20.0,0.69,1.389,1.699,0.311,0,3,16,6,5.7,124,92,12,74.9,50.0,3.0,5.4,0,1,52.1,47.9,Medium Priority
67,1,17.0,-0.385,1.401,1.852,0.451,0,3,17,6,7.2,66,27,10,62.2,58.8,3.8,4.1,0,2,26.3,73.7,Low Priority
72,2,21.0,1.007,0.944,1.179,0.235,2,2,15,6,5.7,77,57,8,65.3,58.4,2.8,3.6,0,0,43.1,56.9,Medium Priority
45,2,15.0,-0.185,1.502,1.908,0.406,1,3,14,5,5.5,85,77,12,74.3,45.5,2.3,5.2,0,1,53.0,47.0,Medium Priority
61,2,21.0,0.416,1.07,1.14,0.07,0,1,13,6,6.8,39,6,8,69.8,59.9,4.0,4.7,0,1,21.3,78.7,Low Priority
37,1,22.0,0.536,1.687,1.865,0.177,0,3,18,6,6.8,61,55,7,73.2,48.7,3.0,3.5,0,1,38.6,61.4,Low Priority
50,1,18.0,0.056,1.316,1.638,0.322,2,3,17,5,7.4,189,113,16,72.3,57.7,3.3,8.1,1,3,76.0,24.0,Immediate Priority
71,2,20.0,0.597,1.039,1.173,0.134,0,3,7,6,7.1,105,38,4,60.5,61.5,4.3,4.4,0,1,21.7,78.3,Low Priority
83,1,18.0,0.643,1.063,1.322,0.259,3,3,18,6,6.6,55,9,8,68.2,65.4,4.1,3.0,0,0,20.5,79.5,Low Priority
43,1,18.0,0.088,1.407,1.763,0.355,0,3,11,6,7.1,38,6,8,59.4,60.9,4.0,4.9,0,1,22.1,77.9,Low Priority
58,1,17.0,0.241,1.237,1.753,0.516,1,3,9,6,6.1,26,13,6,66.3,61.9,3.6,4.6,0,1,27.1,72.9,Low Priority
74,2,20.0,0.297,1.305,1.976,0.672,4,1,18,6,6.4,33,4,6,67.1,53.2,3.5,2.4,0,0,33.1,66.9,Low Priority
48,2,22.0,0.752,1.7,1.97,0.27,1,3,12,5,5.8,102,32,6,76.0,57.9,3.3,3.6,0,0,41.1,58.9,Medium Priority
64,2,22.0,0.784,1.165,1.947,0.781,0,2,17,6,6.7,54,3,2,73.1,56.1,3.6,5.7,0,2,38.5,61.5,Low Priority
71,1,16.0,-0.33,1.341,2.009,0.669,1,3,9,6,6.4,46,11,5,73.2,56.4,3.0,3.3,0,1,31.1,68.9,Low Priority
66,1,21.0,-0.514,1.655,2.2,0.545,0,2,0,5,6.0,79,26,6,70.0,56.7,3.3,4.1,0,1,32.3,67.7,Low Priority
47,2,20.0,0.47,1.389,1.835,0.446,0,3,12,6,6.8,71,28,5,66.6,68.5,4.0,3.6,0,0,21.6,78.4,Low Priority
55,2,17.0,0.072,0.956,1.449,0.493,30,2,6,5,4.6,76,37,12,68.8,54.9,2.4,5.6,0,2,55.3,44.7,High Priority
73,1,14.0,-0.822,1.444,2.183,0.739,1,2,16,5,7.1,109,55,9,78.7,58.9,3.8,7.3,0,1,50.3,49.7,Medium Priority
64,2,17.0,0.22,1.058,1.808,0.749,1,3,10,5,5.7,44,2,6,83.3,52.8,4.0,3.5,0,1,41.0,59.0,Medium Priority
36,1,22.0,-0.102,1.652,2.433,0.781,0,0,12,6,6.3,54,3,4,74.2,55.7,3.7,6.5,0,0,34.7,65.3,Low Priority
72,2,20.0,0.317,1.137,1.551,0.414,0,3,6,6,6.4,36,2,7,71.1,58.4,3.8,2.6,0,1,24.2,75.8,Low Priority
39,1,20.0,-0.88,2.013,2.573,0.56,0,0,10,6,6.8,47,24,5,70.9,61.3,3.3,3.1,0,1,29.6,70.4,Low Priority
71,2,17.0,0.031,1.666,2.45,0.784,1,3,16,6,6.7,17,1,9,63.2,55.6,3.7,3.6,0,1,23.6,76.4,Low Priority
48,2,20.0,0.631,1.143,1.368,0.225,2,3,8,6,7.1,74,61,7,65.6,63.8,3.2,3.0,0,1,35.4,64.6,Low Priority
81,2,12.0,-0.645,1.332,1.643,0.312,1,3,14,6,6.3,5,11,13,66.5,51.0,3.5,3.4,0,1,27.6,72.4,Low Priority
56,1,18.0,-0.079,1.501,1.908,0.407,2,2,20,6,7.0,133,126,5,71.8,56.5,2.8,4.5,0,2,57.7,42.3,High Priority
54,2,20.0,0.408,1.508,2.166,0.657,0,3,15,6,5.6,35,29,5,72.5,47.3,4.0,1.3,0,2,34.9,65.1,Low Priority
45,1,15.0,-0.379,1.429,2.091,0.662,0,3,17,6,5.5,43,26,8,75.5,56.2,3.4,1.3,0,1,39.2,60.8,Low Priority
53,1,21.0,0.061,1.616,1.953,0.336,0,3,7,5,5.8,137,68,9,69.5,45.9,2.9,4.9,0,1,50.1,49.9,Medium Priority
77,2,16.0,-0.104,1.299,1.272,-0.026,0,3,9,6,7.0,82,56,9,79.1,60.7,3.3,4.6,0,0,37.3,62.7,Low Priority
83,2,20.0,1.151,1.242,1.714,0.472,0,3,19,6,7.2,78,42,8,61.9,52.7,3.4,2.4,0,0,29.4,70.6,Low Priority
56,2,18.0,0.183,1.247,1.388,0.141,5,2,15,6,4.8,159,123,6,83.6,49.8,2.1,5.9,0,3,71.4,28.6,Immediate Priority
60,2,19.0,0.071,1.525,1.504,-0.021,0,2,14,5,7.7,93,24,7,64.4,65.6,4.2,4.6,0,0,21.9,78.1,Low Priority
71,1,15.0,-0.182,1.411,1.454,0.043,4,2,15,6,6.7,89,74,9,73.5,51.4,2.9,4.1,0,1,50.5,49.5,Medium Priority
77,1,11.0,-1.253,1.394,1.889,0.495,0,2,11,6,5.7,45,21,8,73.2,56.7,2.9,2.3,0,0,27.4,72.6,Low Priority
66,1,22.0,-0.099,1.511,2.299,0.789,12,2,4,5,5.5,109,82,8,79.3,51.4,2.5,5.0,0,3,66.5,33.5,High Priority
57,2,17.0,1.121,0.853,1.266,0.413,1,3,16,5,7.6,71,13,9,60.0,58.4,3.7,3.7,0,0,21.3,78.7,Low Priority
58,2,21.0,0.608,1.399,1.861,0.462,4,3,15,6,6.7,78,15,8,66.2,52.4,4.1,5.2,0,1,39.0,61.0,Low Priority
70,2,22.0,0.87,1.377,2.115,0.738,0,3,12,6,7.2,91,50,7,72.8,49.9,3.6,2.8,0,0,36.9,63.1,Low Priority
36,1,16.0,-0.198,1.712,1.676,-0.037,1,2,19,6,5.9,70,10,7,70.2,50.0,3.3,4.0,0,0,32.7,67.3,Low Priority
66,1,17.0,-0.004,0.974,1.524,0.55,3,3,10,6,6.4,45,11,8,67.3,52.9,3.6,1.9,0,1,30.7,69.3,Low Priority
55,2,20.0,0.111,1.687,2.085,0.399,0,3,10,6,6.0,41,16,5,75.6,58.9,3.5,3.0,0,1,29.1,70.9,Low Priority
73,1,22.0,0.945,1.344,1.907,0.563,0,3,18,6,7.7,110,51,12,59.5,60.4,3.4,3.4,0,1,38.1,61.9,Low Priority
42,2,22.0,0.581,1.44,1.705,0.265,0,2,17,5,7.1,141,99,11,70.4,44.4,2.6,4.2,0,1,53.4,46.6,Medium Priority
65,2,19.0,-0.408,1.714,1.884,0.17,4,2,13,6,8.0,61,50,9,61.9,56.4,4.1,3.7,0,2,39.6,60.4,Low Priority
61,2,21.0,-0.525,1.457,1.898,0.442,1,1,7,6,6.3,133,79,9,73.6,45.2,3.3,4.5,0,0,47.4,52.6,Medium Priority
67,1,15.0,-0.757,1.419,2.29,0.87,0,2,9,6,6.0,59,35,8,79.1,56.3,3.3,5.4,0,1,41.2,58.8,Medium Priority
41,1,22.0,0.743,1.383,2.029,0.646,0,3,15,6,6.5,24,3,9,64.8,54.9,4.1,4.4,0,3,35.3,64.7,Low Priority
65,1,22.0,0.429,1.215,1.473,0.258,0,1,11,6,7.7,56,4,7,74.8,55.6,4.8,4.6,0,0,23.8,76.2,Low Priority
64,1,16.0,0.232,1.32,1.342,0.021,2,2,17,5,6.6,63,36,7,70.2,58.5,3.2,4.7,0,1,33.5,66.5,Low Priority
64,1,17.0,0.848,1.162,1.086,-0.076,0,3,21,6,7.2,56,17,5,68.2,65.2,3.4,3.8,0,0,23.3,76.7,Low Priority
66,2,14.0,0.072,1.317,2.092,0.776,1,3,17,6,6.5,57,11,4,65.1,51.6,3.9,5.2,0,0,29.8,70.2,Low Priority
